Month,S&P500,Dividends,Earnings,CPI,10-year rate,Gold,President age,Temperature
01/1880,5.11,0.02,0.03,9.99,4.02%,20.67,687,-0.29
02/1880,5.20,0.02,0.03,9.99,3.99%,20.67,688,-0.18
03/1880,5.30,0.02,0.03,10.09,3.97%,20.67,689,-0.11
04/1880,5.18,0.02,0.03,9.70,3.94%,20.67,690,-0.19
05/1880,4.77,0.02,0.04,9.42,3.91%,20.67,691,-0.11
06/1880,4.79,0.02,0.04,9.23,3.89%,20.67,692,-0.23
07/1880,5.01,0.02,0.04,9.23,3.86%,20.67,693,-0.21
08/1880,5.19,0.02,0.04,9.23,3.83%,20.67,694,-0.09
09/1880,5.18,0.02,0.04,9.32,3.81%,20.67,695,-0.16
10/1880,5.33,0.02,0.04,9.32,3.78%,20.67,696,-0.23
11/1880,5.61,0.02,0.04,9.42,3.75%,20.67,697,-0.20
12/1880,5.84,0.02,0.04,9.51,3.73%,20.67,698,-0.22
01/1881,6.19,0.02,0.04,9.42,3.70%,20.67,699,-0.15
02/1881,6.17,0.02,0.04,9.51,3.69%,20.67,700,-0.17
03/1881,6.24,0.02,0.04,9.51,3.69%,20.67,592,0.04
04/1881,6.22,0.02,0.04,9.61,3.68%,20.67,593,0.04
05/1881,6.50,0.02,0.04,9.51,3.67%,20.67,594,0.02
06/1881,6.58,0.02,0.04,9.51,3.67%,20.67,595,-0.20
07/1881,6.35,0.02,0.04,9.61,3.66%,20.67,596,-0.06
08/1881,6.20,0.03,0.04,9.80,3.65%,20.67,597,-0.02
09/1881,6.25,0.03,0.04,10.18,3.65%,20.67,623,-0.13
10/1881,6.15,0.03,0.04,10.28,3.64%,20.67,624,-0.20
11/1881,6.19,0.03,0.04,10.18,3.63%,20.67,625,-0.21
12/1881,6.01,0.03,0.04,10.18,3.63%,20.67,626,-0.10
01/1882,5.92,0.03,0.04,10.18,3.62%,20.67,627,0.15
02/1882,5.79,0.03,0.04,10.28,3.62%,20.67,628,0.15
03/1882,5.78,0.03,0.04,10.28,3.62%,20.67,629,0.04
04/1882,5.78,0.03,0.04,10.37,3.62%,20.67,630,-0.18
05/1882,5.71,0.03,0.04,10.47,3.62%,20.67,631,-0.15
06/1882,5.68,0.03,0.04,10.56,3.62%,20.67,632,-0.25
07/1882,6.00,0.03,0.04,10.47,3.63%,20.67,633,-0.20
08/1882,6.18,0.03,0.04,10.56,3.63%,20.67,634,-0.05
09/1882,6.24,0.03,0.04,10.28,3.63%,20.67,635,-0.10
10/1882,6.07,0.03,0.04,10.18,3.63%,20.67,636,-0.24
11/1882,5.81,0.03,0.04,10.09,3.63%,20.67,637,-0.15
12/1882,5.84,0.03,0.04,9.99,3.63%,20.67,638,-0.24
01/1883,5.81,0.03,0.04,9.99,3.63%,20.67,639,-0.31
02/1883,5.68,0.03,0.04,10.09,3.63%,20.67,640,-0.38
03/1883,5.75,0.03,0.04,9.99,3.63%,20.67,641,-0.12
04/1883,5.87,0.03,0.04,9.90,3.63%,20.67,642,-0.16
05/1883,5.77,0.03,0.03,9.80,3.63%,20.67,643,-0.19
06/1883,5.82,0.03,0.03,9.51,3.63%,20.67,644,-0.12
07/1883,5.73,0.03,0.03,9.32,3.63%,20.67,645,-0.08
08/1883,5.47,0.03,0.03,9.32,3.62%,20.67,646,-0.15
09/1883,5.53,0.03,0.03,9.23,3.62%,20.67,647,-0.20
10/1883,5.38,0.03,0.03,9.23,3.62%,20.67,648,-0.14
11/1883,5.46,0.03,0.03,9.13,3.62%,20.67,649,-0.22
12/1883,5.34,0.03,0.03,9.23,3.62%,20.67,650,-0.15
01/1884,5.18,0.03,0.03,9.23,3.62%,20.67,651,-0.15
02/1884,5.32,0.03,0.03,9.23,3.61%,20.67,652,-0.08
03/1884,5.30,0.03,0.03,9.23,3.60%,20.67,653,-0.37
04/1884,5.06,0.03,0.03,9.04,3.60%,20.67,654,-0.42
05/1884,4.65,0.03,0.03,8.85,3.59%,20.67,655,-0.36
06/1884,4.46,0.03,0.03,8.85,3.58%,20.67,656,-0.40
07/1884,4.46,0.03,0.03,8.75,3.57%,20.67,657,-0.34
08/1884,4.74,0.03,0.03,8.75,3.56%,20.67,658,-0.26
09/1884,4.59,0.03,0.03,8.66,3.55%,20.67,659,-0.27
10/1884,4.44,0.03,0.03,8.56,3.55%,20.67,660,-0.24
11/1884,4.35,0.03,0.03,8.37,3.54%,20.67,661,-0.29
12/1884,4.34,0.03,0.03,8.28,3.53%,20.67,662,-0.28
01/1885,4.24,0.03,0.03,8.28,3.52%,20.67,663,-0.58
02/1885,4.37,0.02,0.03,8.37,3.51%,20.67,664,-0.29
03/1885,4.38,0.02,0.03,8.18,3.50%,20.67,576,-0.25
04/1885,4.37,0.02,0.02,8.28,3.48%,20.67,577,-0.42
05/1885,4.32,0.02,0.02,8.09,3.47%,20.67,578,-0.41
06/1885,4.30,0.02,0.02,7.90,3.46%,20.67,579,-0.44
07/1885,4.46,0.02,0.02,7.99,3.45%,20.67,580,-0.35
08/1885,4.71,0.02,0.02,7.99,3.43%,20.67,581,-0.31
09/1885,4.65,0.02,0.02,7.90,3.42%,20.67,582,-0.23
10/1885,4.92,0.02,0.02,7.90,3.41%,20.67,583,-0.19
11/1885,5.24,0.02,0.02,7.99,3.40%,20.67,584,-0.19
12/1885,5.20,0.02,0.02,8.18,3.38%,20.67,585,-0.05
01/1886,5.20,0.02,0.02,7.99,3.37%,20.67,586,-0.42
02/1886,5.30,0.02,0.02,7.99,3.38%,20.67,587,-0.45
03/1886,5.19,0.02,0.02,7.90,3.40%,20.67,588,-0.38
04/1886,5.12,0.02,0.02,7.80,3.41%,20.67,589,-0.27
05/1886,5.02,0.02,0.02,7.61,3.42%,20.67,590,-0.26
06/1886,5.25,0.02,0.03,7.52,3.43%,20.67,591,-0.38
07/1886,5.33,0.02,0.03,7.61,3.45%,20.67,592,-0.21
08/1886,5.37,0.02,0.03,7.71,3.46%,20.67,593,-0.33
09/1886,5.51,0.02,0.03,7.71,3.47%,20.67,594,-0.25
10/1886,5.65,0.02,0.03,7.71,3.48%,20.67,595,-0.28
11/1886,5.79,0.02,0.03,7.71,3.50%,20.67,596,-0.31
12/1886,5.64,0.02,0.03,7.80,3.51%,20.67,597,-0.26
01/1887,5.58,0.02,0.03,7.99,3.52%,20.67,598,-0.73
02/1887,5.54,0.02,0.03,8.09,3.53%,20.67,599,-0.52
03/1887,5.67,0.02,0.03,8.09,3.55%,20.67,600,-0.34
04/1887,5.80,0.02,0.03,8.09,3.56%,20.67,601,-0.38
05/1887,5.90,0.02,0.03,8.09,3.57%,20.67,602,-0.32
06/1887,5.73,0.02,0.03,7.99,3.58%,20.67,603,-0.24
07/1887,5.59,0.02,0.03,7.90,3.60%,20.67,604,-0.23
08/1887,5.45,0.02,0.03,7.99,3.61%,20.67,605,-0.32
09/1887,5.38,0.02,0.03,7.90,3.62%,20.67,606,-0.23
10/1887,5.20,0.02,0.03,7.99,3.63%,20.67,607,-0.32
11/1887,5.30,0.02,0.03,8.09,3.65%,20.67,608,-0.23
12/1887,5.27,0.02,0.03,8.28,3.66%,20.67,609,-0.33
01/1888,5.31,0.02,0.03,8.37,3.67%,20.67,610,-0.37
02/1888,5.28,0.02,0.03,8.28,3.65%,20.67,611,-0.36
03/1888,5.08,0.02,0.03,8.28,3.63%,20.67,612,-0.41
04/1888,5.10,0.02,0.03,8.18,3.62%,20.67,613,-0.22
05/1888,5.17,0.02,0.03,8.09,3.60%,20.67,614,-0.22
06/1888,5.01,0.02,0.03,7.99,3.58%,20.67,615,-0.18
07/1888,5.14,0.02,0.03,8.09,3.56%,20.67,616,-0.10
08/1888,5.25,0.02,0.02,8.09,3.54%,20.67,617,-0.16
09/1888,5.38,0.02,0.02,8.09,3.52%,20.67,618,-0.10
10/1888,5.35,0.02,0.02,8.18,3.51%,20.67,619,0.02
11/1888,5.24,0.02,0.02,8.28,3.49%,20.67,620,0.00
12/1888,5.14,0.02,0.02,8.28,3.47%,20.67,621,-0.07
01/1889,5.24,0.02,0.02,7.99,3.45%,20.67,622,-0.12
02/1889,5.30,0.02,0.02,7.90,3.45%,20.67,623,0.18
03/1889,5.19,0.02,0.02,7.80,3.45%,20.67,667,0.08
04/1889,5.18,0.02,0.02,7.80,3.44%,20.67,668,0.07
05/1889,5.32,0.02,0.02,7.61,3.44%,20.67,669,-0.03
06/1889,5.41,0.02,0.02,7.61,3.44%,20.67,670,-0.14
07/1889,5.30,0.02,0.02,7.61,3.44%,20.67,671,-0.10
08/1889,5.37,0.02,0.02,7.61,3.43%,20.67,672,-0.20
09/1889,5.50,0.02,0.02,7.71,3.43%,20.67,673,-0.22
10/1889,5.40,0.02,0.02,7.71,3.43%,20.67,674,-0.23
11/1889,5.35,0.02,0.02,7.71,3.43%,20.67,675,-0.33
12/1889,5.32,0.02,0.03,7.80,3.42%,20.67,676,-0.30
01/1890,5.38,0.02,0.02,7.61,3.42%,20.67,677,-0.44
02/1890,5.32,0.02,0.02,7.61,3.44%,20.67,678,-0.45
03/1890,5.28,0.02,0.02,7.61,3.45%,20.67,679,-0.40
04/1890,5.39,0.02,0.02,7.61,3.47%,20.67,680,-0.37
05/1890,5.62,0.02,0.02,7.71,3.49%,20.67,681,-0.46
06/1890,5.58,0.02,0.02,7.71,3.50%,20.67,682,-0.27
07/1890,5.54,0.02,0.02,7.71,3.52%,20.67,683,-0.27
08/1890,5.41,0.02,0.02,7.99,3.54%,20.67,684,-0.38
09/1890,5.32,0.02,0.02,8.09,3.55%,20.67,685,-0.40
10/1890,5.08,0.02,0.02,8.09,3.57%,20.67,686,-0.24
11/1890,4.71,0.02,0.02,7.90,3.59%,20.67,687,-0.48
12/1890,4.60,0.02,0.02,7.90,3.60%,20.67,688,-0.31
01/1891,4.84,0.02,0.02,7.80,3.62%,20.67,689,-0.42
02/1891,4.90,0.02,0.02,7.90,3.62%,20.67,690,-0.47
03/1891,4.81,0.02,0.03,7.99,3.62%,20.67,691,-0.18
04/1891,4.97,0.02,0.03,8.09,3.62%,20.67,692,-0.28
05/1891,4.95,0.02,0.03,7.99,3.61%,20.67,693,-0.19
06/1891,4.85,0.02,0.03,7.80,3.61%,20.67,694,-0.20
07/1891,4.77,0.02,0.03,7.71,3.61%,20.67,695,-0.20
08/1891,4.93,0.02,0.03,7.71,3.61%,20.67,696,-0.16
09/1891,5.33,0.02,0.03,7.61,3.61%,20.67,697,-0.14
10/1891,5.33,0.02,0.03,7.61,3.61%,20.67,698,-0.21
11/1891,5.25,0.02,0.03,7.52,3.60%,20.67,699,-0.34
12/1891,5.41,0.02,0.03,7.52,3.60%,20.67,700,-0.04
01/1892,5.51,0.02,0.03,7.33,3.60%,20.67,701,-0.28
02/1892,5.52,0.02,0.03,7.33,3.61%,20.67,702,-0.11
03/1892,5.58,0.02,0.03,7.14,3.63%,20.67,703,-0.35
04/1892,5.57,0.02,0.03,7.04,3.64%,20.67,704,-0.35
05/1892,5.57,0.02,0.03,7.04,3.65%,20.67,705,-0.25
06/1892,5.54,0.02,0.03,7.04,3.66%,20.67,706,-0.23
07/1892,5.54,0.02,0.03,7.23,3.68%,20.67,707,-0.32
08/1892,5.62,0.02,0.03,7.33,3.69%,20.67,708,-0.25
09/1892,5.48,0.02,0.03,7.33,3.70%,20.67,709,-0.13
10/1892,5.59,0.02,0.03,7.33,3.71%,20.67,710,-0.12
11/1892,5.57,0.02,0.03,7.52,3.73%,20.67,711,-0.41
12/1892,5.51,0.02,0.03,7.61,3.74%,20.67,712,-0.38
01/1893,5.61,0.02,0.03,7.90,3.75%,20.67,713,-0.79
02/1893,5.51,0.02,0.03,7.99,3.75%,20.67,714,-0.54
03/1893,5.31,0.02,0.03,7.80,3.74%,20.67,672,-0.23
04/1893,5.31,0.02,0.03,7.71,3.74%,20.67,673,-0.30
05/1893,4.84,0.02,0.03,7.61,3.73%,20.67,674,-0.36
06/1893,4.61,0.02,0.03,7.42,3.73%,20.67,675,-0.28
07/1893,4.18,0.02,0.03,7.23,3.73%,20.67,676,-0.16
08/1893,4.08,0.02,0.02,6.95,3.72%,20.67,677,-0.26
09/1893,4.37,0.02,0.02,7.23,3.72%,20.67,678,-0.20
10/1893,4.50,0.02,0.02,7.33,3.71%,20.67,679,-0.16
11/1893,4.57,0.02,0.02,7.14,3.71%,20.67,680,-0.17
12/1893,4.41,0.02,0.02,7.04,3.70%,20.67,681,-0.35
01/1894,4.32,0.02,0.02,6.85,3.70%,20.67,682,-0.53
02/1894,4.38,0.02,0.02,6.76,3.68%,20.67,683,-0.33
03/1894,4.51,0.02,0.02,6.57,3.66%,20.67,684,-0.25
04/1894,4.57,0.02,0.02,6.57,3.64%,20.67,685,-0.48
05/1894,4.40,0.02,0.02,6.57,3.62%,20.67,686,-0.35
06/1894,4.34,0.02,0.02,6.57,3.60%,20.67,687,-0.44
07/1894,4.25,0.02,0.02,6.57,3.58%,20.67,688,-0.26
08/1894,4.41,0.02,0.02,6.76,3.56%,20.67,689,-0.22
09/1894,4.48,0.02,0.02,6.85,3.54%,20.67,690,-0.25
10/1894,4.34,0.02,0.01,6.66,3.52%,20.67,691,-0.20
11/1894,4.34,0.02,0.01,6.66,3.50%,20.67,692,-0.25
12/1894,4.30,0.02,0.01,6.57,3.48%,20.67,693,-0.20
01/1895,4.25,0.02,0.01,6.57,3.46%,20.67,694,-0.44
02/1895,4.19,0.02,0.01,6.57,3.47%,20.67,695,-0.42
03/1895,4.19,0.02,0.02,6.57,3.48%,20.67,696,-0.28
04/1895,4.37,0.02,0.02,6.85,3.50%,20.67,697,-0.24
05/1895,4.61,0.02,0.02,6.95,3.51%,20.67,698,-0.26
06/1895,4.70,0.02,0.02,7.04,3.52%,20.67,699,-0.24
07/1895,4.72,0.02,0.02,6.95,3.53%,20.67,700,-0.17
08/1895,4.79,0.02,0.02,6.85,3.54%,20.67,701,-0.16
09/1895,4.82,0.02,0.02,6.85,3.55%,20.67,702,-0.09
10/1895,4.75,0.02,0.02,6.85,3.57%,20.67,703,-0.08
11/1895,4.59,0.02,0.02,6.85,3.58%,20.67,704,-0.14
12/1895,4.32,0.02,0.02,6.76,3.59%,20.67,705,-0.15
01/1896,4.27,0.02,0.02,6.66,3.60%,20.67,706,-0.25
02/1896,4.45,0.02,0.02,6.57,3.58%,20.67,707,-0.14
03/1896,4.38,0.02,0.02,6.57,3.57%,20.67,708,-0.25
04/1896,4.42,0.02,0.02,6.47,3.55%,20.67,709,-0.30
05/1896,4.40,0.02,0.02,6.37,3.53%,20.67,710,-0.18
06/1896,4.32,0.02,0.02,6.28,3.52%,20.67,711,-0.14
07/1896,4.04,0.02,0.02,6.28,3.50%,20.67,712,-0.03
08/1896,3.81,0.02,0.02,6.28,3.48%,20.67,713,-0.04
09/1896,4.01,0.02,0.02,6.28,3.47%,20.67,714,-0.03
10/1896,4.10,0.02,0.02,6.47,3.45%,20.67,715,0.12
11/1896,4.38,0.02,0.02,6.66,3.43%,20.67,716,-0.07
12/1896,4.22,0.02,0.02,6.66,3.42%,20.67,717,-0.03
01/1897,4.22,0.02,0.02,6.47,3.40%,20.67,718,-0.14
02/1897,4.18,0.02,0.02,6.47,3.40%,20.67,719,-0.14
03/1897,4.19,0.02,0.02,6.47,3.39%,20.67,650,-0.13
04/1897,4.06,0.02,0.02,6.37,3.39%,20.67,651,-0.02
05/1897,4.08,0.02,0.02,6.28,3.38%,20.67,652,-0.04
06/1897,4.27,0.02,0.02,6.28,3.38%,20.67,653,-0.16
07/1897,4.46,0.02,0.02,6.28,3.38%,20.67,654,-0.07
08/1897,4.75,0.02,0.02,6.57,3.37%,20.67,655,-0.11
09/1897,4.98,0.02,0.02,6.76,3.37%,20.67,656,-0.07
10/1897,4.82,0.02,0.02,6.66,3.36%,20.67,657,-0.12
11/1897,4.65,0.02,0.03,6.66,3.36%,20.67,658,-0.19
12/1897,4.75,0.02,0.03,6.66,3.35%,20.67,659,-0.19
01/1898,4.88,0.02,0.03,6.66,3.35%,20.67,660,-0.03
02/1898,4.87,0.02,0.03,6.76,3.33%,20.67,661,-0.29
03/1898,4.65,0.02,0.03,6.76,3.31%,20.67,662,-0.51
04/1898,4.57,0.02,0.03,6.76,3.29%,20.67,663,-0.33
05/1898,4.87,0.02,0.03,7.23,3.27%,20.67,664,-0.32
06/1898,5.06,0.02,0.03,6.76,3.25%,20.67,665,-0.20
07/1898,5.08,0.02,0.03,6.66,3.23%,20.67,666,-0.24
08/1898,5.27,0.02,0.03,6.66,3.20%,20.67,667,-0.25
09/1898,5.26,0.02,0.03,6.66,3.18%,20.67,668,-0.21
10/1898,5.15,0.02,0.03,6.66,3.16%,20.67,669,-0.33
11/1898,5.32,0.02,0.03,6.66,3.14%,20.67,670,-0.38
12/1898,5.65,0.02,0.03,6.76,3.12%,20.67,671,-0.25
01/1899,6.08,0.02,0.03,6.76,3.10%,20.67,672,-0.19
02/1899,6.31,0.02,0.03,6.95,3.10%,20.67,673,-0.40
03/1899,6.40,0.02,0.03,6.95,3.11%,20.67,674,-0.34
04/1899,6.48,0.02,0.03,7.04,3.11%,20.67,675,-0.20
05/1899,6.21,0.02,0.03,7.04,3.12%,20.67,676,-0.23
06/1899,6.07,0.02,0.03,7.14,3.12%,20.67,677,-0.33
07/1899,6.28,0.02,0.04,7.23,3.13%,20.67,678,-0.18
08/1899,6.44,0.02,0.04,7.33,3.13%,20.67,679,-0.07
09/1899,6.37,0.02,0.04,7.61,3.13%,20.67,680,-0.03
10/1899,6.34,0.02,0.04,7.71,3.14%,20.67,681,-0.05
11/1899,6.46,0.02,0.04,7.80,3.14%,20.67,682,0.12
12/1899,6.02,0.02,0.04,7.90,3.15%,20.67,683,-0.28
01/1900,6.10,0.02,0.04,7.90,3.15%,20.67,684,-0.37
02/1900,6.21,0.02,0.04,7.99,3.15%,20.67,685,-0.02
03/1900,6.26,0.02,0.04,7.99,3.14%,20.67,686,0.01
04/1900,6.34,0.02,0.04,7.99,3.14%,20.67,687,-0.12
05/1900,6.04,0.02,0.04,7.80,3.13%,20.67,688,-0.10
06/1900,5.86,0.02,0.04,7.71,3.13%,20.67,689,-0.12
07/1900,5.86,0.02,0.04,7.80,3.13%,20.67,690,-0.13
08/1900,5.94,0.02,0.04,7.71,3.12%,20.67,691,-0.10
09/1900,5.80,0.02,0.04,7.80,3.12%,20.67,692,-0.04
10/1900,6.01,0.02,0.04,7.71,3.11%,20.67,693,0.09
11/1900,6.48,0.02,0.04,7.71,3.11%,20.67,694,-0.09
12/1900,6.87,0.03,0.04,7.61,3.10%,20.67,695,-0.07
01/1901,7.07,0.03,0.04,7.71,3.10%,20.67,696,-0.24
02/1901,7.25,0.03,0.04,7.61,3.11%,20.67,697,-0.04
03/1901,7.51,0.03,0.04,7.61,3.11%,20.67,698,0.08
04/1901,8.14,0.03,0.04,7.52,3.12%,20.67,699,-0.04
05/1901,7.73,0.03,0.04,7.52,3.13%,20.67,700,-0.16
06/1901,8.50,0.03,0.04,7.52,3.13%,20.67,701,-0.12
07/1901,7.93,0.03,0.04,7.61,3.14%,20.67,702,-0.15
08/1901,8.04,0.03,0.04,7.71,3.15%,20.67,703,-0.20
09/1901,8.00,0.03,0.04,7.80,3.15%,20.67,515,-0.22
10/1901,7.91,0.03,0.04,7.80,3.16%,20.67,516,-0.31
11/1901,8.08,0.03,0.04,7.90,3.17%,20.67,517,-0.17
12/1901,7.95,0.03,0.04,7.99,3.17%,20.67,518,-0.27
01/1902,8.12,0.03,0.04,7.90,3.18%,20.67,519,-0.20
02/1902,8.19,0.03,0.04,7.90,3.19%,20.67,520,-0.04
03/1902,8.20,0.03,0.04,7.90,3.20%,20.67,521,-0.29
04/1902,8.48,0.03,0.05,7.99,3.21%,20.67,522,-0.31
05/1902,8.46,0.03,0.05,8.09,3.22%,20.67,523,-0.36
06/1902,8.41,0.03,0.05,8.18,3.23%,20.67,524,-0.35
07/1902,8.60,0.03,0.05,8.18,3.24%,20.67,525,-0.29
08/1902,8.83,0.03,0.05,8.09,3.25%,20.67,526,-0.33
09/1902,8.85,0.03,0.05,8.18,3.26%,20.67,527,-0.29
10/1902,8.57,0.03,0.05,8.75,3.27%,20.67,528,-0.31
11/1902,8.24,0.03,0.05,8.47,3.28%,20.67,529,-0.39
12/1902,8.05,0.03,0.05,8.56,3.29%,20.67,530,-0.46
01/1903,8.46,0.03,0.05,8.66,3.30%,20.67,531,-0.26
02/1903,8.41,0.03,0.05,8.66,3.31%,20.67,532,-0.05
03/1903,8.08,0.03,0.05,8.37,3.32%,20.67,533,-0.23
04/1903,7.75,0.03,0.05,8.37,3.33%,20.67,534,-0.43
05/1903,7.60,0.03,0.05,8.18,3.33%,20.67,535,-0.45
06/1903,7.18,0.03,0.05,8.18,3.34%,20.67,536,-0.46
07/1903,6.85,0.03,0.05,8.18,3.35%,20.67,537,-0.38
08/1903,6.63,0.03,0.05,8.18,3.36%,20.67,538,-0.48
09/1903,6.47,0.03,0.05,8.28,3.37%,20.67,539,-0.48
10/1903,6.26,0.03,0.05,8.18,3.38%,20.67,540,-0.48
11/1903,6.28,0.03,0.04,8.09,3.38%,20.67,541,-0.45
12/1903,6.57,0.03,0.04,8.09,3.39%,20.67,542,-0.52
01/1904,6.68,0.03,0.04,8.28,3.40%,20.67,543,-0.67
02/1904,6.50,0.03,0.04,8.47,3.41%,20.67,544,-0.58
03/1904,6.48,0.03,0.04,8.37,3.41%,20.67,545,-0.51
04/1904,6.64,0.03,0.04,8.28,3.42%,20.67,546,-0.54
05/1904,6.50,0.03,0.04,8.09,3.43%,20.67,547,-0.55
06/1904,6.51,0.03,0.04,8.09,3.43%,20.67,548,-0.51
07/1904,6.78,0.03,0.04,8.09,3.44%,20.67,549,-0.54
08/1904,7.01,0.03,0.04,8.18,3.45%,20.67,550,-0.50
09/1904,7.32,0.03,0.04,8.28,3.45%,20.67,551,-0.53
10/1904,7.75,0.03,0.04,8.28,3.46%,20.67,552,-0.39
11/1904,8.17,0.03,0.04,8.47,3.47%,20.67,553,-0.21
12/1904,8.25,0.03,0.04,8.47,3.47%,20.67,554,-0.34
01/1905,8.43,0.03,0.04,8.47,3.48%,20.67,555,-0.40
02/1905,8.80,0.03,0.04,8.47,3.48%,20.67,556,-0.59
03/1905,9.05,0.03,0.04,8.37,3.47%,20.67,557,-0.22
04/1905,8.94,0.03,0.05,8.37,3.47%,20.67,558,-0.36
05/1905,8.50,0.03,0.05,8.28,3.46%,20.67,559,-0.33
06/1905,8.60,0.03,0.05,8.28,3.46%,20.67,560,-0.30
07/1905,8.87,0.03,0.05,8.28,3.46%,20.67,561,-0.29
08/1905,9.20,0.03,0.05,8.37,3.45%,20.67,562,-0.22
09/1905,9.23,0.03,0.05,8.28,3.45%,20.67,563,-0.18
10/1905,9.36,0.03,0.05,8.28,3.44%,20.67,564,-0.25
11/1905,9.31,0.03,0.05,8.37,3.44%,20.67,565,-0.10
12/1905,9.54,0.03,0.06,8.47,3.43%,20.67,566,-0.18
01/1906,9.87,0.03,0.06,8.47,3.43%,20.67,567,-0.28
02/1906,9.80,0.03,0.06,8.47,3.45%,20.67,568,-0.30
03/1906,9.56,0.03,0.06,8.47,3.47%,20.67,569,-0.16
04/1906,9.43,0.03,0.06,8.47,3.49%,20.67,570,-0.04
05/1906,9.18,0.03,0.06,8.56,3.51%,20.67,571,-0.24
06/1906,9.30,0.03,0.06,8.56,3.53%,20.67,572,-0.21
07/1906,9.06,0.03,0.06,8.28,3.55%,20.67,573,-0.25
08/1906,9.73,0.03,0.06,8.47,3.57%,20.67,574,-0.20
09/1906,10.03,0.03,0.06,8.56,3.59%,20.67,575,-0.27
10/1906,9.73,0.03,0.06,8.75,3.61%,20.67,576,-0.19
11/1906,9.93,0.03,0.06,8.85,3.63%,20.67,577,-0.38
12/1906,9.84,0.03,0.06,8.94,3.65%,20.67,578,-0.16
01/1907,9.56,0.03,0.06,8.85,3.67%,20.67,579,-0.41
02/1907,9.26,0.03,0.06,9.04,3.69%,20.67,580,-0.51
03/1907,8.35,0.03,0.06,8.94,3.70%,20.67,581,-0.27
04/1907,8.39,0.03,0.06,8.94,3.72%,20.67,582,-0.39
05/1907,8.10,0.03,0.06,9.13,3.74%,20.67,583,-0.47
06/1907,7.84,0.04,0.06,9.23,3.75%,20.67,584,-0.43
07/1907,8.14,0.04,0.06,9.23,3.77%,20.67,585,-0.36
08/1907,7.53,0.04,0.06,9.23,3.79%,20.67,586,-0.35
09/1907,7.45,0.04,0.06,9.23,3.80%,20.67,587,-0.33
10/1907,6.64,0.04,0.06,9.32,3.82%,20.67,588,-0.24
11/1907,6.25,0.04,0.06,8.94,3.84%,20.67,589,-0.48
12/1907,6.57,0.04,0.06,8.75,3.85%,20.67,590,-0.48
01/1908,6.85,0.04,0.05,8.66,3.87%,20.67,591,-0.43
02/1908,6.60,0.04,0.05,8.56,3.86%,20.67,592,-0.31
03/1908,6.87,0.04,0.05,8.56,3.85%,20.67,593,-0.53
04/1908,7.24,0.04,0.05,8.66,3.84%,20.67,594,-0.45
05/1908,7.63,0.04,0.05,8.66,3.83%,20.67,595,-0.41
06/1908,7.64,0.04,0.05,8.66,3.82%,20.67,596,-0.41
07/1908,7.92,0.03,0.05,8.75,3.82%,20.67,597,-0.39
08/1908,8.26,0.03,0.05,8.75,3.81%,20.67,598,-0.46
09/1908,8.17,0.03,0.05,8.75,3.80%,20.67,599,-0.36
10/1908,8.27,0.03,0.05,8.85,3.79%,20.67,600,-0.44
11/1908,8.83,0.03,0.05,8.94,3.78%,20.67,601,-0.50
12/1908,9.03,0.03,0.05,9.04,3.77%,20.67,602,-0.49
01/1909,9.06,0.03,0.05,8.94,3.76%,20.67,603,-0.68
02/1909,8.80,0.03,0.05,9.04,3.77%,20.67,604,-0.47
03/1909,8.92,0.03,0.05,9.04,3.79%,20.67,618,-0.51
04/1909,9.32,0.03,0.05,9.23,3.80%,20.67,619,-0.60
05/1909,9.63,0.03,0.05,9.32,3.81%,20.67,620,-0.56
06/1909,9.80,0.04,0.06,9.42,3.82%,20.67,621,-0.52
07/1909,9.94,0.04,0.06,9.42,3.84%,20.67,622,-0.45
08/1909,10.18,0.04,0.06,9.51,3.85%,20.67,623,-0.31
09/1909,10.19,0.04,0.06,9.61,3.86%,20.67,624,-0.35
10/1909,10.23,0.04,0.06,9.80,3.87%,20.67,625,-0.36
11/1909,10.18,0.04,0.06,9.90,3.89%,20.67,626,-0.30
12/1909,10.30,0.04,0.06,9.99,3.90%,20.67,627,-0.55
01/1910,10.08,0.04,0.06,9.90,3.91%,20.67,628,-0.44
02/1910,9.72,0.04,0.06,9.90,3.92%,20.67,629,-0.44
03/1910,9.96,0.04,0.06,10.09,3.92%,20.67,630,-0.50
04/1910,9.72,0.04,0.06,10.18,3.93%,20.67,631,-0.40
05/1910,9.56,0.04,0.06,9.99,3.93%,20.67,632,-0.34
06/1910,9.10,0.04,0.06,9.90,3.94%,20.67,633,-0.37
07/1910,8.64,0.04,0.06,9.90,3.95%,20.67,634,-0.34
08/1910,8.85,0.04,0.06,9.80,3.95%,20.67,635,-0.36
09/1910,8.91,0.04,0.06,9.70,3.96%,20.67,636,-0.36
10/1910,9.32,0.04,0.06,9.42,3.96%,20.67,637,-0.38
11/1910,9.31,0.04,0.06,9.23,3.97%,20.67,638,-0.54
12/1910,9.05,0.04,0.06,9.23,3.97%,20.67,639,-0.67
01/1911,9.27,0.04,0.06,9.23,3.98%,20.67,640,-0.63
02/1911,9.43,0.04,0.06,8.94,3.98%,20.67,641,-0.58
03/1911,9.32,0.04,0.06,9.04,3.99%,20.67,642,-0.60
04/1911,9.28,0.04,0.06,8.75,3.99%,20.67,643,-0.53
05/1911,9.48,0.04,0.06,8.75,3.99%,20.67,644,-0.52
06/1911,9.67,0.04,0.06,8.75,3.99%,20.67,645,-0.48
07/1911,9.63,0.04,0.05,8.85,4.00%,20.67,646,-0.41
08/1911,9.17,0.04,0.05,9.13,4.00%,20.67,647,-0.42
09/1911,8.67,0.04,0.05,9.23,4.00%,20.67,648,-0.37
10/1911,8.72,0.04,0.05,9.23,4.00%,20.67,649,-0.23
11/1911,9.07,0.04,0.05,9.13,4.01%,20.67,650,-0.18
12/1911,9.11,0.04,0.05,9.04,4.01%,20.67,651,-0.22
01/1912,9.12,0.04,0.05,9.13,4.01%,20.67,652,-0.26
02/1912,9.04,0.04,0.05,9.23,4.05%,20.67,653,-0.12
03/1912,9.30,0.04,0.05,9.42,4.08%,20.67,654,-0.35
04/1912,9.59,0.04,0.05,9.70,4.12%,20.67,655,-0.20
05/1912,9.58,0.04,0.05,9.70,4.16%,20.67,656,-0.21
06/1912,9.58,0.04,0.05,9.61,4.19%,20.67,657,-0.26
07/1912,9.59,0.04,0.05,9.61,4.23%,20.67,658,-0.44
08/1912,9.81,0.04,0.06,9.70,4.27%,20.67,659,-0.55
09/1912,9.86,0.04,0.06,9.80,4.30%,20.67,660,-0.51
10/1912,9.84,0.04,0.06,9.80,4.34%,20.67,661,-0.56
11/1912,9.73,0.04,0.06,9.80,4.38%,20.67,662,-0.38
12/1912,9.38,0.04,0.06,9.70,4.41%,20.67,663,-0.43
01/1913,9.30,0.04,0.06,9.80,4.45%,20.67,664,-0.42
02/1913,8.97,0.04,0.06,9.80,4.43%,20.67,665,-0.43
03/1913,8.80,0.04,0.06,9.80,4.40%,20.67,675,-0.43
04/1913,8.79,0.04,0.06,9.80,4.38%,20.67,676,-0.39
05/1913,8.55,0.04,0.06,9.70,4.35%,20.67,677,-0.47
06/1913,8.12,0.04,0.06,9.80,4.33%,20.67,678,-0.48
07/1913,8.23,0.04,0.05,9.90,4.31%,20.67,679,-0.36
08/1913,8.45,0.04,0.05,9.90,4.28%,20.67,680,-0.34
09/1913,8.53,0.04,0.05,10.00,4.26%,20.67,681,-0.35
10/1913,8.26,0.04,0.05,10.00,4.23%,20.67,682,-0.33
11/1913,8.05,0.04,0.05,10.10,4.21%,20.67,683,-0.19
12/1913,8.04,0.04,0.05,10.00,4.18%,20.67,684,-0.03
01/1914,8.37,0.04,0.05,10.00,4.16%,20.67,685,0.04
02/1914,8.48,0.04,0.05,9.90,4.17%,20.67,686,-0.10
03/1914,8.32,0.04,0.05,9.90,4.17%,20.67,687,-0.22
04/1914,8.12,0.04,0.05,9.80,4.18%,20.67,688,-0.29
05/1914,8.17,0.04,0.05,9.90,4.19%,20.67,689,-0.23
06/1914,8.13,0.04,0.05,9.90,4.19%,20.67,690,-0.26
07/1914,7.68,0.04,0.05,10.00,4.20%,20.67,691,-0.24
08/1914,7.68,0.04,0.05,10.20,4.21%,20.67,692,-0.14
09/1914,7.68,0.04,0.05,10.20,4.21%,20.67,693,-0.13
10/1914,7.68,0.04,0.04,10.10,4.22%,20.67,694,-0.04
11/1914,7.68,0.04,0.04,10.20,4.23%,20.67,695,-0.18
12/1914,7.35,0.04,0.04,10.10,4.23%,20.67,696,-0.08
01/1915,7.48,0.04,0.05,10.10,4.24%,20.67,697,-0.17
02/1915,7.38,0.04,0.05,10.00,4.22%,20.67,698,0.00
03/1915,7.57,0.04,0.05,9.90,4.21%,20.67,699,-0.09
04/1915,8.14,0.04,0.05,10.00,4.19%,20.67,700,0.06
05/1915,7.95,0.04,0.06,10.10,4.18%,20.67,701,-0.06
06/1915,8.04,0.04,0.06,10.10,4.16%,20.67,702,-0.20
07/1915,8.01,0.04,0.06,10.10,4.15%,20.67,703,-0.10
08/1915,8.35,0.04,0.06,10.10,4.13%,20.67,704,-0.19
09/1915,8.66,0.04,0.07,10.10,4.11%,20.67,705,-0.17
10/1915,9.14,0.04,0.07,10.20,4.10%,20.67,706,-0.24
11/1915,9.46,0.04,0.07,10.30,4.08%,20.67,707,-0.12
12/1915,9.48,0.04,0.07,10.30,4.07%,20.67,708,-0.16
01/1916,9.33,0.04,0.08,10.40,4.05%,20.67,709,-0.09
02/1916,9.20,0.04,0.08,10.40,4.07%,20.67,710,-0.12
03/1916,9.17,0.04,0.09,10.50,4.08%,20.67,711,-0.27
04/1916,9.07,0.04,0.09,10.60,4.10%,20.67,712,-0.29
05/1916,9.27,0.04,0.10,10.70,4.11%,20.67,713,-0.32
06/1916,9.36,0.04,0.10,10.80,4.13%,20.67,714,-0.46
07/1916,9.23,0.04,0.10,10.80,4.14%,20.67,715,-0.36
08/1916,9.30,0.04,0.11,10.90,4.16%,20.67,716,-0.25
09/1916,9.68,0.04,0.11,11.10,4.17%,20.67,717,-0.32
10/1916,9.98,0.04,0.12,11.30,4.19%,20.67,718,-0.27
11/1916,10.21,0.05,0.12,11.50,4.20%,20.67,719,-0.39
12/1916,9.80,0.05,0.13,11.60,4.22%,20.67,720,-0.79
01/1917,9.57,0.05,0.13,11.70,4.23%,20.67,721,-0.58
02/1917,9.03,0.05,0.12,12.00,4.26%,20.67,722,-0.61
03/1917,9.31,0.05,0.12,12.00,4.29%,20.67,723,-0.60
04/1917,9.17,0.05,0.12,12.60,4.32%,20.67,724,-0.50
05/1917,8.86,0.05,0.12,12.80,4.34%,20.67,725,-0.55
06/1917,9.04,0.05,0.12,13.00,4.37%,20.67,726,-0.43
07/1917,8.79,0.05,0.12,12.80,4.40%,20.67,727,-0.25
08/1917,8.53,0.05,0.11,13.00,4.43%,20.67,728,-0.21
09/1917,8.12,0.05,0.11,13.30,4.46%,20.67,729,-0.18
10/1917,7.68,0.06,0.11,13.50,4.49%,20.67,730,-0.40
11/1917,7.04,0.06,0.11,13.50,4.51%,20.67,731,-0.28
12/1917,6.80,0.06,0.11,13.70,4.54%,20.67,732,-0.67
01/1918,7.21,0.06,0.10,14.00,4.57%,20.67,733,-0.42
02/1918,7.43,0.06,0.10,14.10,4.56%,20.67,734,-0.31
03/1918,7.28,0.06,0.10,14.00,4.56%,20.67,735,-0.24
04/1918,7.21,0.05,0.10,14.20,4.55%,20.67,736,-0.45
05/1918,7.44,0.05,0.10,14.50,4.55%,20.67,737,-0.45
06/1918,7.45,0.05,0.09,14.70,4.54%,20.67,738,-0.35
07/1918,7.51,0.05,0.09,15.10,4.54%,20.67,739,-0.31
08/1918,7.58,0.05,0.09,15.40,4.53%,20.67,740,-0.29
09/1918,7.54,0.05,0.09,15.70,4.52%,20.67,741,-0.15
10/1918,7.86,0.05,0.09,16.00,4.52%,20.67,742,-0.05
11/1918,8.06,0.05,0.08,16.30,4.51%,20.67,743,-0.10
12/1918,7.90,0.05,0.08,16.50,4.51%,20.67,744,-0.27
01/1919,7.85,0.05,0.08,16.50,4.50%,20.67,745,-0.20
02/1919,7.88,0.05,0.08,16.20,4.54%,20.67,746,-0.23
03/1919,8.12,0.05,0.08,16.40,4.58%,20.67,747,-0.19
04/1919,8.39,0.05,0.08,16.70,4.62%,20.67,748,-0.13
05/1919,8.97,0.05,0.08,16.90,4.66%,20.67,749,-0.28
06/1919,9.21,0.05,0.08,16.90,4.70%,20.67,750,-0.37
07/1919,9.51,0.05,0.08,17.40,4.74%,20.67,751,-0.29
08/1919,8.87,0.05,0.08,17.70,4.77%,20.67,752,-0.32
09/1919,9.01,0.05,0.08,17.80,4.81%,20.67,753,-0.22
10/1919,9.47,0.04,0.08,18.10,4.85%,20.67,754,-0.18
11/1919,9.19,0.04,0.08,18.50,4.89%,20.67,755,-0.41
12/1919,8.92,0.04,0.08,18.90,4.93%,20.67,756,-0.41
01/1920,8.83,0.04,0.08,19.30,4.97%,20.67,757,-0.22
02/1920,8.10,0.04,0.08,19.50,4.98%,20.67,758,-0.22
03/1920,8.67,0.04,0.07,19.70,4.99%,20.67,759,-0.07
04/1920,8.60,0.04,0.07,20.30,5.00%,20.67,760,-0.26
05/1920,8.06,0.04,0.07,20.60,5.01%,20.67,761,-0.26
06/1920,7.92,0.04,0.07,20.90,5.02%,20.67,762,-0.36
07/1920,7.91,0.04,0.07,20.80,5.03%,20.67,763,-0.31
08/1920,7.60,0.04,0.07,20.30,5.04%,20.67,764,-0.24
09/1920,7.87,0.04,0.07,20.00,5.05%,20.67,765,-0.19
10/1920,7.88,0.04,0.07,19.90,5.06%,20.67,766,-0.26
11/1920,7.48,0.04,0.07,19.80,5.07%,20.67,767,-0.26
12/1920,6.81,0.04,0.07,19.40,5.08%,20.67,768,-0.43
01/1921,7.11,0.04,0.06,19.00,5.09%,20.67,769,-0.02
02/1921,7.06,0.04,0.06,18.40,5.02%,20.67,770,-0.18
03/1921,6.88,0.04,0.06,18.30,4.96%,20.67,664,-0.22
04/1921,6.91,0.04,0.05,18.10,4.89%,20.67,665,-0.29
05/1921,7.12,0.04,0.05,17.70,4.83%,20.67,666,-0.28
06/1921,6.55,0.04,0.05,17.60,4.76%,20.67,667,-0.27
07/1921,6.53,0.04,0.04,17.70,4.70%,20.67,668,-0.14
08/1921,6.45,0.04,0.04,17.70,4.63%,20.67,669,-0.23
09/1921,6.61,0.04,0.03,17.50,4.56%,20.67,670,-0.16
10/1921,6.70,0.04,0.03,17.50,4.50%,20.67,671,-0.02
11/1921,7.06,0.04,0.03,17.40,4.43%,20.67,672,-0.13
12/1921,7.31,0.04,0.02,17.30,4.37%,20.67,673,-0.16
01/1922,7.30,0.04,0.03,16.90,4.30%,20.67,674,-0.33
02/1922,7.46,0.04,0.03,16.90,4.31%,20.67,675,-0.43
03/1922,7.74,0.04,0.03,16.70,4.31%,20.67,676,-0.13
04/1922,8.21,0.04,0.04,16.70,4.32%,20.67,677,-0.23
05/1922,8.53,0.04,0.04,16.70,4.32%,20.67,678,-0.33
06/1922,8.45,0.04,0.04,16.70,4.33%,20.67,679,-0.32
07/1922,8.51,0.04,0.04,16.80,4.33%,20.67,680,-0.25
08/1922,8.83,0.04,0.05,16.60,4.34%,20.67,681,-0.30
09/1922,9.06,0.04,0.05,16.60,4.34%,20.67,682,-0.32
10/1922,9.26,0.04,0.05,16.70,4.35%,20.67,683,-0.31
11/1922,8.80,0.04,0.05,16.80,4.35%,20.67,684,-0.13
12/1922,8.78,0.04,0.06,16.90,4.36%,20.67,685,-0.18
01/1923,8.90,0.04,0.06,16.80,4.36%,20.67,686,-0.29
02/1923,9.28,0.04,0.06,16.80,4.34%,20.67,687,-0.37
03/1923,9.43,0.04,0.06,16.80,4.31%,20.67,688,-0.34
04/1923,9.10,0.04,0.07,16.90,4.29%,20.67,689,-0.39
05/1923,8.67,0.04,0.07,16.90,4.26%,20.67,690,-0.34
06/1923,8.34,0.04,0.07,17.00,4.24%,20.67,691,-0.25
07/1923,8.06,0.04,0.07,17.20,4.21%,20.67,692,-0.29
08/1923,8.10,0.04,0.07,17.10,4.19%,20.67,613,-0.29
09/1923,8.15,0.04,0.08,17.20,4.16%,20.67,614,-0.27
10/1923,8.03,0.04,0.08,17.30,4.14%,20.67,615,-0.11
11/1923,8.27,0.04,0.08,17.30,4.11%,20.67,616,0.01
12/1923,8.55,0.04,0.08,17.30,4.09%,20.67,617,-0.02
01/1924,8.83,0.04,0.08,17.30,4.06%,20.67,618,-0.22
02/1924,8.87,0.04,0.08,17.20,4.04%,20.67,619,-0.23
03/1924,8.70,0.04,0.08,17.10,4.03%,20.67,620,-0.06
04/1924,8.50,0.04,0.08,17.00,4.01%,20.67,621,-0.31
05/1924,8.47,0.04,0.08,17.00,3.99%,20.67,622,-0.18
06/1924,8.63,0.05,0.08,17.00,3.98%,20.67,623,-0.22
07/1924,9.03,0.05,0.08,17.10,3.96%,20.67,624,-0.26
08/1924,9.34,0.05,0.08,17.00,3.94%,20.67,625,-0.33
09/1924,9.25,0.05,0.08,17.10,3.93%,20.67,626,-0.30
10/1924,9.13,0.05,0.08,17.20,3.91%,20.67,627,-0.33
11/1924,9.64,0.05,0.08,17.20,3.89%,20.67,628,-0.19
12/1924,10.16,0.05,0.08,17.30,3.88%,20.67,629,-0.41
01/1925,10.58,0.05,0.08,17.30,3.86%,20.67,630,-0.36
02/1925,10.67,0.05,0.08,17.20,3.85%,20.67,631,-0.38
03/1925,10.39,0.05,0.08,17.30,3.83%,20.67,632,-0.24
04/1925,10.28,0.05,0.09,17.20,3.82%,20.67,633,-0.25
05/1925,10.61,0.05,0.09,17.30,3.80%,20.67,634,-0.30
06/1925,10.80,0.05,0.09,17.50,3.79%,20.67,635,-0.32
07/1925,11.10,0.05,0.09,17.70,3.77%,20.67,636,-0.27
08/1925,11.25,0.05,0.10,17.70,3.76%,20.67,637,-0.15
09/1925,11.51,0.05,0.10,17.70,3.74%,20.67,638,-0.16
10/1925,11.89,0.05,0.10,17.70,3.73%,20.67,639,-0.17
11/1925,12.26,0.05,0.10,18.00,3.71%,20.67,640,0.04
12/1925,12.46,0.05,0.10,17.90,3.70%,20.67,641,0.09
01/1926,12.65,0.05,0.10,17.90,3.68%,20.67,642,0.20
02/1926,12.67,0.05,0.10,17.90,3.65%,20.67,643,0.06
03/1926,11.81,0.05,0.10,17.80,3.62%,20.67,644,0.11
04/1926,11.48,0.05,0.10,17.90,3.60%,20.67,645,-0.12
05/1926,11.56,0.05,0.10,17.80,3.57%,20.67,646,-0.22
06/1926,12.11,0.05,0.10,17.70,3.54%,20.67,647,-0.22
07/1926,12.62,0.05,0.10,17.50,3.51%,20.67,648,-0.24
08/1926,13.12,0.06,0.10,17.40,3.48%,20.67,649,-0.13
09/1926,13.32,0.06,0.10,17.50,3.45%,20.67,650,-0.12
10/1926,13.02,0.06,0.10,17.60,3.43%,20.67,651,-0.09
11/1926,13.19,0.06,0.10,17.70,3.40%,20.67,652,-0.04
12/1926,13.49,0.06,0.10,17.70,3.37%,20.67,653,-0.27
01/1927,13.40,0.06,0.10,17.50,3.34%,20.67,654,-0.27
02/1927,13.66,0.06,0.10,17.40,3.34%,20.67,655,-0.18
03/1927,13.87,0.06,0.10,17.30,3.34%,20.67,656,-0.36
04/1927,14.21,0.06,0.10,17.30,3.34%,20.67,657,-0.31
05/1927,14.70,0.06,0.10,17.40,3.34%,20.67,658,-0.25
06/1927,14.89,0.06,0.10,17.60,3.34%,20.67,659,-0.26
07/1927,15.22,0.06,0.10,17.30,3.34%,20.67,660,-0.17
08/1927,16.03,0.06,0.10,17.20,3.33%,20.67,661,-0.20
09/1927,16.94,0.06,0.10,17.30,3.33%,20.67,662,-0.10
10/1927,16.68,0.06,0.09,17.40,3.33%,20.67,663,0.00
11/1927,17.06,0.06,0.09,17.30,3.33%,20.67,664,-0.03
12/1927,17.46,0.06,0.09,17.30,3.33%,20.67,665,-0.32
01/1928,17.53,0.06,0.09,17.30,3.33%,20.67,666,0.00
02/1928,17.32,0.07,0.10,17.10,3.35%,20.67,667,-0.07
03/1928,18.25,0.07,0.10,17.10,3.38%,20.67,668,-0.26
04/1928,19.40,0.07,0.10,17.10,3.40%,20.67,669,-0.27
05/1928,20.00,0.07,0.10,17.20,3.42%,20.67,670,-0.29
06/1928,19.02,0.07,0.10,17.10,3.44%,20.67,671,-0.36
07/1928,19.16,0.07,0.11,17.10,3.47%,20.67,672,-0.18
08/1928,19.78,0.07,0.11,17.10,3.49%,20.67,673,-0.21
09/1928,21.17,0.07,0.11,17.30,3.51%,20.67,674,-0.18
10/1928,21.60,0.07,0.11,17.20,3.53%,20.67,675,-0.17
11/1928,23.06,0.07,0.11,17.20,3.56%,20.67,676,-0.08
12/1928,23.15,0.07,0.12,17.10,3.58%,20.67,677,-0.17
01/1929,24.86,0.07,0.12,17.10,3.60%,20.67,678,-0.46
02/1929,24.99,0.07,0.12,17.10,3.57%,20.67,679,-0.59
03/1929,25.43,0.07,0.12,17.00,3.55%,20.67,655,-0.31
04/1929,25.28,0.07,0.12,16.90,3.52%,20.67,656,-0.39
05/1929,25.66,0.08,0.12,17.00,3.50%,20.67,657,-0.38
06/1929,26.15,0.08,0.12,17.10,3.47%,20.67,658,-0.40
07/1929,28.48,0.08,0.13,17.30,3.45%,20.67,659,-0.33
08/1929,30.10,0.08,0.13,17.30,3.42%,20.67,660,-0.30
09/1929,31.30,0.08,0.13,17.30,3.39%,20.67,661,-0.23
10/1929,27.99,0.08,0.13,17.30,3.37%,20.67,662,-0.12
11/1929,20.58,0.08,0.13,17.30,3.34%,20.67,663,-0.11
12/1929,21.40,0.08,0.13,17.20,3.32%,20.67,664,-0.53
01/1930,21.71,0.08,0.13,17.10,3.29%,20.67,665,-0.30
02/1930,23.07,0.08,0.13,17.00,3.29%,20.67,666,-0.27
03/1930,23.94,0.08,0.12,16.90,3.30%,20.67,667,-0.08
04/1930,25.46,0.08,0.12,17.00,3.30%,20.67,668,-0.25
05/1930,23.94,0.08,0.11,16.90,3.31%,20.67,669,-0.23
06/1930,21.52,0.08,0.11,16.80,3.31%,20.67,670,-0.20
07/1930,21.06,0.08,0.10,16.60,3.32%,20.67,671,-0.19
08/1930,20.79,0.08,0.10,16.50,3.32%,20.67,672,-0.13
09/1930,20.78,0.08,0.09,16.60,3.32%,20.67,673,-0.12
10/1930,17.92,0.08,0.09,16.50,3.33%,20.67,674,-0.08
11/1930,16.62,0.08,0.09,16.40,3.33%,20.67,675,0.16
12/1930,15.51,0.08,0.08,16.10,3.34%,20.67,676,-0.06
01/1931,15.98,0.08,0.08,15.90,3.34%,20.67,677,-0.10
02/1931,17.20,0.08,0.08,15.70,3.37%,20.67,678,-0.24
03/1931,17.53,0.08,0.07,15.60,3.40%,20.67,679,-0.08
04/1931,15.86,0.08,0.07,15.50,3.43%,20.67,680,-0.21
05/1931,14.33,0.08,0.07,15.30,3.45%,20.67,681,-0.19
06/1931,13.87,0.08,0.07,15.10,3.48%,20.67,682,-0.07
07/1931,14.33,0.07,0.06,15.10,3.51%,20.67,683,-0.02
08/1931,13.90,0.07,0.06,15.10,3.54%,20.67,684,-0.03
09/1931,11.83,0.07,0.06,15.00,3.57%,20.67,685,-0.07
10/1931,10.25,0.07,0.06,14.90,3.60%,20.67,686,0.03
11/1931,10.39,0.07,0.05,14.70,3.62%,20.67,687,-0.11
12/1931,8.44,0.07,0.05,14.60,3.65%,20.67,688,-0.09
01/1932,8.30,0.07,0.05,14.30,3.68%,20.67,689,0.14
02/1932,8.23,0.06,0.05,14.10,3.65%,20.67,690,-0.18
03/1932,8.26,0.06,0.05,14.00,3.62%,20.67,691,-0.19
04/1932,6.28,0.06,0.05,13.90,3.59%,20.67,692,-0.06
05/1932,5.51,0.06,0.04,13.70,3.56%,20.67,693,-0.19
06/1932,4.77,0.06,0.04,13.60,3.53%,20.67,694,-0.30
07/1932,5.01,0.05,0.04,13.60,3.50%,20.67,695,-0.24
08/1932,7.53,0.05,0.04,13.50,3.46%,20.67,696,-0.23
09/1932,8.26,0.05,0.04,13.40,3.43%,20.67,697,-0.11
10/1932,7.12,0.05,0.04,13.30,3.40%,20.67,698,-0.10
11/1932,7.05,0.04,0.04,13.20,3.37%,20.67,699,-0.26
12/1932,6.82,0.04,0.03,13.10,3.34%,20.67,700,-0.25
01/1933,7.09,0.04,0.03,12.90,3.31%,32.32,701,-0.34
02/1933,6.25,0.04,0.03,12.70,3.29%,32.32,702,-0.34
03/1933,6.23,0.04,0.03,12.60,3.28%,32.32,614,-0.30
04/1933,6.89,0.04,0.04,12.60,3.26%,32.32,615,-0.25
05/1933,8.87,0.04,0.04,12.60,3.25%,32.32,616,-0.29
06/1933,10.39,0.04,0.04,12.70,3.23%,32.32,617,-0.34
07/1933,11.23,0.04,0.04,13.10,3.22%,32.32,618,-0.21
08/1933,10.67,0.04,0.04,13.20,3.20%,32.32,619,-0.24
09/1933,10.58,0.04,0.04,13.20,3.18%,32.32,620,-0.27
10/1933,9.55,0.04,0.04,13.20,3.17%,32.32,621,-0.21
11/1933,9.78,0.04,0.04,13.20,3.15%,32.32,622,-0.30
12/1933,9.97,0.04,0.04,13.20,3.14%,32.32,623,-0.46
01/1934,10.54,0.04,0.04,13.20,3.12%,35.00,624,-0.25
02/1934,11.32,0.04,0.04,13.30,3.09%,35.00,625,-0.04
03/1934,10.74,0.04,0.04,13.30,3.07%,35.00,626,-0.33
04/1934,10.92,0.04,0.04,13.30,3.04%,35.00,627,-0.30
05/1934,9.81,0.04,0.04,13.30,3.01%,35.00,628,-0.11
06/1934,9.94,0.04,0.04,13.40,2.98%,35.00,629,-0.15
07/1934,9.47,0.04,0.04,13.40,2.96%,35.00,630,-0.10
08/1934,9.10,0.04,0.04,13.40,2.93%,35.00,631,-0.11
09/1934,8.88,0.04,0.04,13.60,2.90%,35.00,632,-0.16
10/1934,8.95,0.04,0.04,13.50,2.87%,35.00,633,-0.08
11/1934,9.20,0.04,0.04,13.50,2.85%,35.00,634,0.03
12/1934,9.26,0.04,0.04,13.40,2.82%,35.00,635,-0.04
01/1935,9.26,0.04,0.05,13.60,2.79%,35.00,636,-0.33
02/1935,8.98,0.04,0.05,13.70,2.78%,35.00,637,0.15
03/1935,8.41,0.04,0.06,13.70,2.77%,35.00,638,-0.13
04/1935,9.04,0.04,0.06,13.80,2.76%,35.00,639,-0.36
05/1935,9.75,0.04,0.07,13.80,2.74%,35.00,640,-0.30
06/1935,10.12,0.04,0.07,13.70,2.73%,35.00,641,-0.27
07/1935,10.65,0.04,0.07,13.70,2.72%,35.00,642,-0.23
08/1935,11.37,0.04,0.06,13.70,2.71%,35.00,643,-0.22
09/1935,11.61,0.04,0.06,13.70,2.70%,35.00,644,-0.21
10/1935,11.92,0.04,0.06,13.70,2.69%,35.00,645,-0.08
11/1935,13.04,0.04,0.06,13.80,2.67%,35.00,646,-0.28
12/1935,13.04,0.04,0.06,13.80,2.66%,35.00,647,-0.20
01/1936,13.76,0.04,0.06,13.80,2.65%,35.00,648,-0.28
02/1936,14.55,0.04,0.07,13.80,2.65%,35.00,649,-0.39
03/1936,14.86,0.04,0.07,13.70,2.66%,35.00,650,-0.22
04/1936,14.88,0.04,0.07,13.70,2.66%,35.00,651,-0.20
05/1936,14.09,0.04,0.07,13.70,2.66%,35.00,652,-0.18
06/1936,14.69,0.05,0.07,13.80,2.66%,35.00,653,-0.21
07/1936,15.56,0.05,0.08,13.90,2.67%,35.00,654,-0.08
08/1936,15.87,0.05,0.08,14.00,2.67%,35.00,655,-0.14
09/1936,16.05,0.05,0.08,14.00,2.67%,35.00,656,-0.09
10/1936,16.89,0.05,0.08,14.00,2.67%,35.00,657,-0.04
11/1936,17.36,0.06,0.08,14.00,2.68%,35.00,658,-0.04
12/1936,17.06,0.06,0.09,14.00,2.68%,35.00,659,-0.03
01/1937,17.59,0.06,0.09,14.10,2.68%,35.00,660,-0.13
02/1937,18.11,0.06,0.09,14.10,2.67%,35.00,661,0.03
03/1937,18.09,0.06,0.09,14.20,2.66%,35.00,662,-0.18
04/1937,17.01,0.07,0.09,14.30,2.65%,35.00,663,-0.17
05/1937,16.25,0.07,0.10,14.40,2.64%,35.00,664,-0.08
06/1937,15.64,0.07,0.10,14.40,2.63%,35.00,665,-0.05
07/1937,16.57,0.07,0.10,14.50,2.62%,35.00,666,-0.05
08/1937,16.74,0.07,0.10,14.50,2.61%,35.00,667,0.01
09/1937,14.37,0.06,0.10,14.60,2.60%,35.00,668,0.11
10/1937,12.28,0.07,0.10,14.60,2.59%,35.00,669,0.08
11/1937,11.20,0.07,0.10,14.50,2.58%,35.00,670,0.09
12/1937,11.02,0.07,0.09,14.40,2.57%,35.00,671,-0.12
01/1938,11.31,0.07,0.09,14.20,2.56%,35.00,672,0.01
02/1938,11.04,0.07,0.09,14.10,2.54%,35.00,673,-0.02
03/1938,10.31,0.07,0.08,14.10,2.53%,35.00,674,0.08
04/1938,9.89,0.06,0.08,14.20,2.51%,35.00,675,0.04
05/1938,9.98,0.06,0.07,14.10,2.49%,35.00,676,-0.10
06/1938,10.21,0.06,0.06,14.10,2.48%,35.00,677,-0.18
07/1938,12.24,0.06,0.06,14.10,2.46%,35.00,678,-0.09
08/1938,12.31,0.06,0.06,14.10,2.44%,35.00,679,-0.06
09/1938,11.75,0.06,0.05,14.10,2.43%,35.00,680,0.02
10/1938,13.06,0.05,0.05,14.00,2.41%,35.00,681,0.11
11/1938,13.07,0.05,0.05,14.00,2.39%,35.00,682,0.03
12/1938,12.69,0.04,0.05,14.00,2.38%,35.00,683,-0.22
01/1939,12.50,0.04,0.06,14.00,2.36%,35.00,684,-0.08
02/1939,12.40,0.04,0.06,13.90,2.35%,35.00,685,-0.08
03/1939,12.39,0.04,0.06,13.90,2.34%,35.00,686,-0.19
04/1939,10.83,0.04,0.06,13.80,2.32%,35.00,687,-0.10
05/1939,11.23,0.04,0.06,13.80,2.31%,35.00,688,-0.06
06/1939,11.43,0.04,0.06,13.80,2.30%,35.00,689,-0.08
07/1939,11.71,0.05,0.06,13.80,2.29%,35.00,690,-0.08
08/1939,11.54,0.05,0.07,13.80,2.27%,35.00,691,-0.08
09/1939,12.77,0.05,0.07,14.10,2.26%,35.00,692,-0.07
10/1939,12.90,0.05,0.07,14.00,2.25%,35.00,693,-0.03
11/1939,12.67,0.05,0.07,14.00,2.24%,35.00,694,0.05
12/1939,12.37,0.05,0.08,14.00,2.22%,35.00,695,0.44
01/1940,12.30,0.05,0.08,13.90,2.21%,34.50,696,-0.06
02/1940,12.22,0.05,0.08,14.00,2.19%,34.50,697,0.12
03/1940,12.15,0.05,0.08,14.00,2.17%,34.50,698,0.15
04/1940,12.27,0.05,0.08,14.00,2.15%,34.50,699,0.18
05/1940,10.58,0.05,0.09,14.00,2.12%,34.50,700,0.09
06/1940,9.67,0.05,0.09,14.10,2.10%,34.50,701,0.08
07/1940,9.99,0.05,0.09,14.00,2.08%,34.50,702,0.12
08/1940,10.20,0.06,0.09,14.00,2.06%,34.50,703,0.04
09/1940,10.63,0.06,0.09,14.00,2.04%,34.50,704,0.12
10/1940,10.73,0.06,0.09,14.00,2.02%,34.50,705,0.07
11/1940,10.98,0.06,0.09,14.00,1.99%,34.50,706,0.17
12/1940,10.53,0.06,0.09,14.10,1.97%,34.50,707,0.27
01/1941,10.55,0.06,0.09,14.10,1.95%,35.50,708,0.21
02/1941,9.89,0.06,0.09,14.10,1.99%,35.50,709,0.33
03/1941,9.95,0.06,0.09,14.20,2.04%,35.50,710,0.08
04/1941,9.64,0.06,0.09,14.30,2.08%,35.50,711,0.17
05/1941,9.43,0.06,0.09,14.40,2.12%,35.50,712,0.14
06/1941,9.76,0.06,0.09,14.70,2.16%,35.50,713,0.11
07/1941,10.26,0.06,0.09,14.70,2.21%,35.50,714,0.21
08/1941,10.21,0.06,0.10,14.90,2.25%,35.50,715,0.14
09/1941,10.24,0.06,0.10,15.10,2.29%,35.50,716,0.02
10/1941,9.83,0.06,0.10,15.30,2.33%,35.50,717,0.33
11/1941,9.37,0.06,0.10,15.40,2.38%,35.50,718,0.24
12/1941,8.76,0.06,0.10,15.50,2.42%,35.50,719,0.20
01/1942,8.93,0.06,0.09,15.70,2.46%,35.50,720,0.25
02/1942,8.65,0.06,0.09,15.80,2.46%,35.50,721,0.02
03/1942,8.18,0.06,0.09,16.00,2.46%,35.50,722,0.10
04/1942,7.84,0.06,0.09,16.10,2.46%,35.50,723,0.11
05/1942,7.93,0.06,0.08,16.30,2.46%,35.50,724,0.08
06/1942,8.33,0.06,0.08,16.30,2.46%,35.50,725,0.04
07/1942,8.64,0.05,0.08,16.40,2.47%,35.50,726,0.00
08/1942,8.59,0.05,0.08,16.50,2.47%,35.50,727,-0.04
09/1942,8.68,0.05,0.08,16.50,2.47%,35.50,728,-0.05
10/1942,9.32,0.05,0.08,16.70,2.47%,35.50,729,-0.01
11/1942,9.47,0.05,0.08,16.80,2.47%,35.50,730,0.08
12/1942,9.52,0.05,0.09,16.90,2.47%,35.50,731,0.07
01/1943,10.09,0.05,0.09,16.90,2.47%,36.50,732,-0.04
02/1943,10.69,0.05,0.09,16.90,2.47%,36.50,733,0.13
03/1943,11.07,0.05,0.09,17.20,2.47%,36.50,734,-0.08
04/1943,11.44,0.05,0.09,17.40,2.47%,36.50,735,0.07
05/1943,11.89,0.05,0.09,17.50,2.47%,36.50,736,0.04
06/1943,12.10,0.05,0.09,17.50,2.47%,36.50,737,-0.06
07/1943,12.35,0.05,0.09,17.40,2.48%,36.50,738,0.08
08/1943,11.74,0.05,0.09,17.30,2.48%,36.50,739,0.00
09/1943,11.99,0.05,0.09,17.40,2.48%,36.50,740,0.06
10/1943,11.88,0.05,0.09,17.40,2.48%,36.50,741,0.22
11/1943,11.33,0.05,0.08,17.40,2.48%,36.50,742,0.19
12/1943,11.48,0.05,0.08,17.40,2.48%,36.50,743,0.24
01/1944,11.85,0.05,0.08,17.40,2.48%,36.25,744,0.35
02/1944,11.77,0.05,0.08,17.40,2.47%,36.25,745,0.26
03/1944,12.10,0.05,0.08,17.40,2.46%,36.25,746,0.27
04/1944,11.89,0.05,0.08,17.50,2.45%,36.25,747,0.19
05/1944,12.10,0.05,0.08,17.50,2.44%,36.25,748,0.19
06/1944,12.67,0.05,0.08,17.60,2.43%,36.25,749,0.20
07/1944,13.00,0.05,0.08,17.70,2.43%,36.25,750,0.18
08/1944,12.81,0.05,0.08,17.70,2.42%,36.25,751,0.17
09/1944,12.60,0.05,0.08,17.70,2.41%,36.25,752,0.30
10/1944,12.91,0.05,0.08,17.70,2.40%,36.25,753,0.26
11/1944,12.82,0.05,0.08,17.70,2.39%,36.25,754,0.10
12/1944,13.10,0.05,0.08,17.80,2.38%,36.25,755,0.02
01/1945,13.49,0.05,0.08,17.80,2.37%,37.25,756,0.09
02/1945,13.94,0.05,0.08,17.80,2.36%,37.25,757,-0.02
03/1945,13.93,0.05,0.08,17.80,2.34%,37.25,758,0.06
04/1945,14.28,0.05,0.08,17.80,2.33%,37.25,731,0.18
05/1945,14.82,0.05,0.08,17.90,2.31%,37.25,732,0.04
06/1945,15.09,0.05,0.08,18.10,2.30%,37.25,733,0.00
07/1945,14.78,0.05,0.08,18.10,2.28%,37.25,734,0.03
08/1945,14.83,0.05,0.08,18.10,2.27%,37.25,735,0.27
09/1945,15.84,0.06,0.08,18.10,2.25%,37.25,736,0.22
10/1945,16.50,0.06,0.08,18.10,2.24%,37.25,737,0.18
11/1945,17.04,0.06,0.08,18.10,2.22%,37.25,738,0.07
12/1945,17.33,0.06,0.08,18.20,2.21%,37.25,739,-0.09
01/1946,18.02,0.06,0.08,18.20,2.19%,38.25,740,0.15
02/1946,18.07,0.06,0.08,18.10,2.20%,38.25,741,0.07
03/1946,17.53,0.06,0.08,18.30,2.20%,38.25,742,0.00
04/1946,18.66,0.06,0.07,18.40,2.21%,38.25,743,0.06
05/1946,18.70,0.06,0.07,18.50,2.21%,38.25,744,-0.08
06/1946,18.58,0.06,0.07,18.70,2.22%,38.25,745,-0.21
07/1946,18.05,0.06,0.07,19.80,2.22%,38.25,746,-0.14
08/1946,17.70,0.06,0.07,20.20,2.23%,38.25,747,-0.17
09/1946,15.09,0.06,0.07,20.40,2.23%,38.25,748,-0.07
10/1946,14.75,0.06,0.08,20.80,2.24%,38.25,749,-0.06
11/1946,14.69,0.06,0.08,21.30,2.24%,38.25,750,-0.06
12/1946,15.13,0.06,0.09,21.50,2.25%,38.25,751,-0.35
01/1947,15.21,0.06,0.09,21.50,2.25%,43.00,752,-0.12
02/1947,15.80,0.06,0.10,21.50,2.27%,43.00,753,-0.08
03/1947,15.16,0.06,0.11,21.90,2.28%,43.00,754,0.07
04/1947,14.60,0.06,0.11,21.90,2.30%,43.00,755,0.07
05/1947,14.34,0.06,0.12,21.90,2.31%,43.00,756,-0.03
06/1947,14.84,0.06,0.12,22.00,2.33%,43.00,757,0.02
07/1947,15.77,0.06,0.12,22.20,2.35%,43.00,758,-0.07
08/1947,15.46,0.07,0.13,22.50,2.36%,43.00,759,-0.09
09/1947,15.06,0.07,0.13,23.00,2.38%,43.00,760,-0.13
10/1947,15.45,0.07,0.13,23.00,2.39%,43.00,761,0.06
11/1947,15.27,0.07,0.13,23.10,2.41%,43.00,762,0.02
12/1947,15.03,0.07,0.13,23.40,2.42%,43.00,763,-0.16
01/1948,14.83,0.07,0.14,23.70,2.44%,42.00,764,0.07
02/1948,14.10,0.07,0.14,23.50,2.43%,42.00,765,-0.16
03/1948,14.30,0.07,0.14,23.40,2.42%,42.00,766,-0.25
04/1948,15.40,0.07,0.15,23.80,2.41%,42.00,767,-0.11
05/1948,16.15,0.07,0.15,23.90,2.40%,42.00,768,0.01
06/1948,16.82,0.07,0.16,24.10,2.39%,42.00,769,-0.04
07/1948,16.42,0.07,0.16,24.40,2.38%,42.00,770,-0.11
08/1948,15.94,0.07,0.17,24.50,2.36%,42.00,771,-0.12
09/1948,15.76,0.07,0.17,24.50,2.35%,42.00,772,-0.11
10/1948,16.19,0.07,0.18,24.40,2.34%,42.00,773,-0.07
11/1948,15.29,0.08,0.18,24.20,2.33%,42.00,774,-0.12
12/1948,15.19,0.08,0.19,24.10,2.32%,42.00,775,-0.23
01/1949,15.36,0.08,0.19,24.00,2.31%,40.50,776,0.09
02/1949,14.77,0.08,0.20,23.80,2.31%,40.50,777,-0.17
03/1949,14.91,0.08,0.20,23.80,2.31%,40.50,778,-0.02
04/1949,14.89,0.08,0.20,23.90,2.31%,40.50,779,-0.10
05/1949,14.78,0.08,0.20,23.80,2.31%,40.50,780,-0.08
06/1949,13.97,0.09,0.20,23.90,2.31%,40.50,781,-0.23
07/1949,14.76,0.09,0.20,23.70,2.32%,40.50,782,-0.14
08/1949,15.29,0.09,0.20,23.80,2.32%,40.50,783,-0.12
09/1949,15.49,0.09,0.20,23.90,2.32%,40.50,784,-0.14
10/1949,15.89,0.09,0.20,23.70,2.32%,40.50,785,-0.06
11/1949,16.11,0.09,0.20,23.80,2.32%,40.50,786,-0.10
12/1949,16.54,0.10,0.19,23.60,2.32%,40.50,787,-0.22
01/1950,16.88,0.10,0.19,23.50,2.32%,40.25,788,-0.33
02/1950,17.21,0.10,0.20,23.50,2.34%,40.25,789,-0.28
03/1950,17.35,0.10,0.20,23.60,2.36%,40.25,790,-0.07
04/1950,17.84,0.10,0.20,23.60,2.38%,40.25,791,-0.20
05/1950,18.44,0.10,0.21,23.70,2.40%,40.25,792,-0.10
06/1950,18.74,0.10,0.21,23.80,2.42%,40.25,793,-0.03
07/1950,17.38,0.10,0.22,24.10,2.45%,40.25,794,-0.10
08/1950,18.43,0.11,0.22,24.30,2.47%,40.25,795,-0.16
09/1950,19.08,0.11,0.23,24.40,2.49%,40.25,796,-0.12
10/1950,19.87,0.11,0.23,24.60,2.51%,40.25,797,-0.22
11/1950,19.83,0.12,0.23,24.70,2.53%,40.25,798,-0.38
12/1950,19.75,0.12,0.24,25.00,2.55%,40.25,799,-0.20
01/1951,21.21,0.12,0.24,25.40,2.57%,40.00,800,-0.35
02/1951,22.00,0.13,0.24,25.70,2.58%,40.00,801,-0.43
03/1951,21.63,0.13,0.24,25.80,2.59%,40.00,802,-0.21
04/1951,21.92,0.13,0.23,25.80,2.60%,40.00,803,-0.13
05/1951,21.93,0.13,0.23,25.90,2.61%,40.00,804,0.00
06/1951,21.55,0.13,0.23,25.90,2.62%,40.00,805,-0.02
07/1951,21.93,0.13,0.22,25.90,2.63%,40.00,806,0.03
08/1951,22.89,0.13,0.22,25.90,2.63%,40.00,807,0.06
09/1951,23.48,0.13,0.21,26.10,2.64%,40.00,808,0.08
10/1951,23.36,0.12,0.21,26.20,2.65%,40.00,809,0.05
11/1951,22.71,0.12,0.21,26.40,2.66%,40.00,810,-0.02
12/1951,23.41,0.12,0.20,26.50,2.67%,40.00,811,0.14
01/1952,24.19,0.12,0.20,26.50,2.68%,38.70,812,0.12
02/1952,23.75,0.12,0.20,26.30,2.69%,38.70,813,0.11
03/1952,23.81,0.12,0.20,26.30,2.71%,38.70,814,-0.10
04/1952,23.74,0.12,0.20,26.40,2.72%,38.70,815,0.02
05/1952,23.73,0.12,0.20,26.40,2.73%,38.70,816,-0.02
06/1952,24.38,0.12,0.20,26.50,2.74%,38.70,817,-0.04
07/1952,25.08,0.12,0.20,26.70,2.76%,38.70,818,0.04
08/1952,25.18,0.12,0.20,26.70,2.77%,38.70,819,0.04
09/1952,24.78,0.12,0.20,26.70,2.78%,38.70,820,0.07
10/1952,24.26,0.12,0.20,26.70,2.79%,38.70,821,-0.01
11/1952,25.03,0.12,0.20,26.70,2.81%,38.70,822,-0.14
12/1952,26.04,0.12,0.20,26.70,2.82%,38.70,823,-0.01
01/1953,26.18,0.12,0.20,26.60,2.83%,35.50,747,0.08
02/1953,25.86,0.12,0.20,26.50,2.80%,35.50,748,0.14
03/1953,25.99,0.12,0.20,26.60,2.77%,35.50,749,0.11
04/1953,24.71,0.12,0.20,26.60,2.83%,35.50,750,0.18
05/1953,24.84,0.12,0.21,26.70,3.05%,35.50,751,0.09
06/1953,23.95,0.12,0.21,26.80,3.11%,35.50,752,0.10
07/1953,24.29,0.12,0.21,26.80,2.93%,35.50,753,0.00
08/1953,24.39,0.12,0.21,26.90,2.95%,35.50,754,0.06
09/1953,23.27,0.12,0.21,26.90,2.87%,35.50,755,0.04
10/1953,23.97,0.12,0.21,27.00,2.66%,35.50,756,0.06
11/1953,24.50,0.12,0.21,26.90,2.68%,35.50,757,-0.06
12/1953,24.83,0.12,0.21,26.90,2.59%,35.50,758,0.02
01/1954,25.46,0.12,0.21,26.90,2.48%,35.25,759,-0.28
02/1954,26.02,0.12,0.21,26.90,2.47%,35.25,760,-0.13
03/1954,26.57,0.12,0.21,26.90,2.37%,35.25,761,-0.15
04/1954,27.63,0.12,0.21,26.80,2.29%,35.25,762,-0.16
05/1954,28.73,0.12,0.22,26.90,2.37%,35.25,763,-0.22
06/1954,28.96,0.12,0.22,26.90,2.38%,35.25,764,-0.18
07/1954,30.13,0.12,0.22,26.90,2.30%,35.25,765,-0.19
08/1954,30.73,0.12,0.22,26.90,2.36%,35.25,766,-0.17
09/1954,31.45,0.12,0.22,26.80,2.38%,35.25,767,-0.10
10/1954,32.18,0.12,0.22,26.80,2.43%,35.25,768,-0.04
11/1954,33.44,0.13,0.23,26.80,2.48%,35.25,769,0.06
12/1954,34.97,0.13,0.23,26.70,2.51%,35.25,770,-0.21
01/1955,35.60,0.13,0.24,26.70,2.61%,35.15,771,0.13
02/1955,36.79,0.13,0.24,26.70,2.65%,35.15,772,-0.18
03/1955,36.50,0.13,0.25,26.70,2.68%,35.15,773,-0.34
04/1955,37.76,0.13,0.25,26.70,2.75%,35.15,774,-0.22
05/1955,37.60,0.13,0.26,26.70,2.76%,35.15,775,-0.21
06/1955,39.78,0.13,0.27,26.70,2.78%,35.15,776,-0.12
07/1955,42.69,0.13,0.27,26.80,2.90%,35.15,777,-0.13
08/1955,42.43,0.13,0.28,26.80,2.97%,35.15,778,0.01
09/1955,44.34,0.14,0.29,26.90,2.97%,35.15,779,-0.11
10/1955,42.11,0.14,0.29,26.90,2.88%,35.15,780,-0.05
11/1955,44.95,0.14,0.30,26.90,2.89%,35.15,781,-0.24
12/1955,45.37,0.14,0.30,26.80,2.96%,35.15,782,-0.30
01/1956,44.15,0.14,0.30,26.80,2.90%,35.20,783,-0.16
02/1956,44.43,0.14,0.31,26.80,2.84%,35.20,784,-0.26
03/1956,47.49,0.14,0.31,26.80,2.96%,35.20,785,-0.23
04/1956,48.05,0.15,0.31,26.90,3.18%,35.20,786,-0.27
05/1956,46.54,0.15,0.30,27.00,3.07%,35.20,787,-0.31
06/1956,46.27,0.15,0.30,27.20,3.00%,35.20,788,-0.16
07/1956,48.78,0.15,0.30,27.40,3.11%,35.20,789,-0.12
08/1956,48.49,0.15,0.29,27.30,3.33%,35.20,790,-0.26
09/1956,46.84,0.15,0.29,27.40,3.38%,35.20,791,-0.20
10/1956,46.24,0.15,0.29,27.50,3.34%,35.20,792,-0.24
11/1956,45.76,0.15,0.29,27.50,3.49%,35.20,793,-0.17
12/1956,46.44,0.15,0.28,27.60,3.59%,35.20,794,-0.08
01/1957,45.43,0.14,0.28,27.60,3.46%,35.25,795,-0.11
02/1957,43.47,0.14,0.28,27.70,3.34%,35.25,796,-0.04
03/1957,44.03,0.14,0.28,27.80,3.41%,35.25,797,-0.06
04/1957,45.05,0.14,0.28,27.90,3.48%,35.25,798,-0.01
05/1957,46.78,0.14,0.28,28.00,3.60%,35.25,799,0.09
06/1957,47.55,0.14,0.29,28.10,3.80%,35.25,800,0.16
07/1957,48.51,0.15,0.29,28.30,3.93%,35.25,801,0.01
08/1957,45.84,0.15,0.29,28.30,3.93%,35.25,802,0.15
09/1957,43.98,0.15,0.29,28.30,3.92%,35.25,803,0.09
10/1957,41.24,0.15,0.29,28.30,3.97%,35.25,804,0.01
11/1957,40.35,0.15,0.28,28.40,3.72%,35.25,805,0.06
12/1957,40.33,0.15,0.28,28.40,3.21%,35.25,806,0.16
01/1958,41.12,0.15,0.27,28.60,3.09%,35.25,807,0.39
02/1958,41.26,0.15,0.27,28.60,3.05%,35.25,808,0.24
03/1958,42.11,0.15,0.26,28.80,2.98%,35.25,809,0.11
04/1958,42.34,0.15,0.26,28.90,2.88%,35.25,810,0.03
05/1958,43.70,0.15,0.25,28.90,2.92%,35.25,811,0.06
06/1958,44.75,0.14,0.24,28.90,2.97%,35.25,812,-0.08
07/1958,45.98,0.14,0.24,29.00,3.20%,35.25,813,0.05
08/1958,47.70,0.14,0.24,28.90,3.54%,35.25,814,-0.04
09/1958,48.96,0.14,0.24,28.90,3.76%,35.25,815,-0.02
10/1958,50.95,0.14,0.24,28.90,3.80%,35.25,816,0.04
11/1958,52.50,0.15,0.24,29.00,3.74%,35.25,817,0.02
12/1958,53.49,0.15,0.24,28.90,3.86%,35.25,818,0.00
01/1959,55.62,0.15,0.25,29.00,4.02%,35.25,819,0.08
02/1959,54.77,0.15,0.25,28.90,3.96%,35.25,820,0.08
03/1959,56.16,0.15,0.26,28.90,3.99%,35.25,821,0.18
04/1959,57.10,0.15,0.27,29.00,4.12%,35.25,822,0.13
05/1959,57.96,0.15,0.28,29.00,4.31%,35.25,823,0.04
06/1959,57.46,0.15,0.28,29.10,4.34%,35.25,824,0.02
07/1959,59.74,0.15,0.28,29.20,4.40%,35.25,825,0.06
08/1959,59.40,0.15,0.29,29.20,4.43%,35.25,826,-0.02
09/1959,57.05,0.15,0.29,29.30,4.68%,35.25,827,-0.06
10/1959,57.00,0.15,0.28,29.40,4.53%,35.25,828,-0.09
11/1959,57.23,0.15,0.28,29.40,4.53%,35.25,829,-0.09
12/1959,59.06,0.15,0.28,29.40,4.69%,35.25,830,-0.02
01/1960,58.03,0.16,0.28,29.30,4.72%,36.50,831,-0.01
02/1960,55.78,0.16,0.28,29.40,4.49%,36.50,832,0.16
03/1960,55.02,0.16,0.28,29.40,4.25%,36.50,833,-0.34
04/1960,55.73,0.16,0.28,29.50,4.28%,36.50,834,-0.14
05/1960,55.22,0.16,0.28,29.50,4.35%,36.50,835,-0.07
06/1960,57.26,0.16,0.27,29.60,4.15%,36.50,836,-0.04
07/1960,55.84,0.16,0.27,29.60,3.90%,36.50,837,-0.03
08/1960,56.51,0.16,0.27,29.60,3.80%,36.50,838,0.01
09/1960,54.81,0.16,0.27,29.60,3.80%,36.50,839,0.07
10/1960,53.73,0.16,0.27,29.80,3.89%,36.50,840,0.07
11/1960,55.47,0.16,0.27,29.80,3.93%,36.50,841,-0.12
12/1960,56.80,0.16,0.27,29.80,3.84%,36.50,842,0.18
01/1961,59.72,0.16,0.27,29.80,3.84%,35.50,524,0.07
02/1961,62.17,0.16,0.26,29.80,3.78%,35.50,525,0.19
03/1961,64.12,0.16,0.26,29.80,3.74%,35.50,526,0.09
04/1961,65.83,0.16,0.26,29.80,3.78%,35.50,527,0.12
05/1961,66.50,0.16,0.25,29.80,3.71%,35.50,528,0.11
06/1961,65.62,0.16,0.25,29.80,3.88%,35.50,529,0.11
07/1961,65.44,0.16,0.25,30.00,3.92%,35.50,530,0.00
08/1961,67.79,0.16,0.25,29.90,4.04%,35.50,531,0.03
09/1961,67.26,0.16,0.25,30.00,3.98%,35.50,532,0.07
10/1961,68.00,0.17,0.26,30.00,3.92%,35.50,533,0.00
11/1961,71.08,0.17,0.26,30.00,3.94%,35.50,534,0.03
12/1961,71.74,0.17,0.27,30.00,4.06%,35.50,535,-0.15
01/1962,69.07,0.17,0.27,30.00,4.08%,35.35,536,0.07
02/1962,70.22,0.17,0.28,30.10,4.04%,35.35,537,0.14
03/1962,70.29,0.17,0.28,30.10,3.93%,35.35,538,0.12
04/1962,68.05,0.17,0.28,30.20,3.84%,35.35,539,0.04
05/1962,62.99,0.17,0.29,30.20,3.87%,35.35,540,-0.04
06/1962,55.63,0.17,0.29,30.20,3.91%,35.35,541,0.05
07/1962,56.97,0.17,0.29,30.30,4.01%,35.35,542,0.02
08/1962,58.52,0.17,0.29,30.30,3.98%,35.35,543,-0.01
09/1962,58.00,0.17,0.29,30.40,3.98%,35.35,544,0.01
10/1962,56.17,0.17,0.30,30.40,3.93%,35.35,545,0.00
11/1962,60.04,0.18,0.30,30.40,3.92%,35.35,546,0.07
12/1962,62.64,0.18,0.31,30.40,3.86%,35.35,547,-0.01
01/1963,65.06,0.18,0.31,30.40,3.83%,35.25,548,-0.02
02/1963,65.92,0.18,0.31,30.40,3.92%,35.25,549,0.20
03/1963,65.67,0.18,0.31,30.50,3.93%,35.25,550,-0.14
04/1963,68.76,0.18,0.31,30.50,3.97%,35.25,551,-0.06
05/1963,70.14,0.18,0.32,30.50,3.93%,35.25,552,-0.04
06/1963,70.11,0.18,0.32,30.60,3.99%,35.25,553,0.05
07/1963,69.07,0.18,0.32,30.70,4.02%,35.25,554,0.09
08/1963,70.98,0.18,0.33,30.70,4.00%,35.25,555,0.27
09/1963,72.85,0.18,0.33,30.70,4.08%,35.25,556,0.20
10/1963,73.03,0.19,0.33,30.80,4.11%,35.25,557,0.15
11/1963,72.62,0.19,0.33,30.80,4.12%,35.25,663,0.15
12/1963,74.17,0.19,0.34,30.90,4.13%,35.25,664,-0.01
01/1964,76.45,0.19,0.34,30.90,4.17%,35.35,665,-0.08
02/1964,77.39,0.19,0.34,30.90,4.15%,35.35,666,-0.12
03/1964,78.80,0.19,0.35,30.90,4.22%,35.35,667,-0.23
04/1964,79.94,0.20,0.35,30.90,4.23%,35.35,668,-0.31
05/1964,80.72,0.20,0.36,30.90,4.20%,35.35,669,-0.24
06/1964,80.24,0.20,0.36,31.00,4.17%,35.35,670,-0.02
07/1964,83.22,0.20,0.36,31.10,4.19%,35.35,671,-0.03
08/1964,82.00,0.20,0.37,31.00,4.19%,35.35,672,-0.21
09/1964,83.41,0.20,0.37,31.10,4.20%,35.35,673,-0.29
10/1964,84.85,0.21,0.37,31.10,4.19%,35.35,674,-0.31
11/1964,85.44,0.21,0.38,31.20,4.15%,35.35,675,-0.21
12/1964,83.96,0.21,0.38,31.20,4.18%,35.35,676,-0.30
01/1965,86.12,0.21,0.38,31.20,4.19%,35.50,677,-0.08
02/1965,86.75,0.21,0.39,31.20,4.21%,35.50,678,-0.17
03/1965,86.83,0.21,0.39,31.30,4.21%,35.50,679,-0.11
04/1965,87.97,0.21,0.39,31.40,4.20%,35.50,680,-0.19
05/1965,89.28,0.22,0.40,31.40,4.21%,35.50,681,-0.14
06/1965,85.04,0.22,0.40,31.60,4.21%,35.50,682,-0.09
07/1965,84.91,0.22,0.41,31.60,4.20%,35.50,683,-0.12
08/1965,86.49,0.22,0.41,31.60,4.25%,35.50,684,-0.03
09/1965,89.38,0.22,0.42,31.60,4.29%,35.50,685,-0.16
10/1965,91.39,0.22,0.42,31.70,4.35%,35.50,686,-0.05
11/1965,92.15,0.23,0.43,31.70,4.45%,35.50,687,-0.06
12/1965,91.73,0.23,0.43,31.80,4.62%,35.50,688,-0.06
01/1966,93.32,0.23,0.44,31.80,4.61%,35.40,689,-0.17
02/1966,92.69,0.23,0.44,32.00,4.83%,35.40,690,0.00
03/1966,88.88,0.23,0.45,32.10,4.87%,35.40,691,0.05
04/1966,91.60,0.23,0.45,32.30,4.75%,35.40,692,-0.12
05/1966,86.78,0.23,0.45,32.30,4.78%,35.40,693,-0.11
06/1966,86.06,0.24,0.46,32.40,4.81%,35.40,694,0.01
07/1966,85.84,0.24,0.46,32.50,5.02%,35.40,695,0.09
08/1966,80.65,0.24,0.46,32.70,5.22%,35.40,696,-0.08
09/1966,77.81,0.24,0.46,32.70,5.18%,35.40,697,-0.02
10/1966,77.13,0.24,0.46,32.90,5.01%,35.40,698,-0.15
11/1966,80.99,0.24,0.46,32.90,5.16%,35.40,699,-0.02
12/1966,81.33,0.24,0.46,32.90,4.84%,35.40,700,-0.05
01/1967,84.45,0.24,0.46,32.90,4.58%,35.50,701,-0.05
02/1967,87.36,0.24,0.46,32.90,4.63%,35.50,702,-0.21
03/1967,89.42,0.24,0.45,33.00,4.54%,35.50,703,0.04
04/1967,90.96,0.24,0.45,33.10,4.59%,35.50,704,-0.05
05/1967,92.59,0.24,0.45,33.20,4.85%,35.50,705,0.15
06/1967,91.43,0.24,0.44,33.30,5.02%,35.50,706,-0.08
07/1967,93.01,0.24,0.44,33.40,5.16%,35.50,707,0.01
08/1967,94.49,0.24,0.44,33.50,5.28%,35.50,708,0.01
09/1967,95.81,0.24,0.44,33.60,5.30%,35.50,709,-0.06
10/1967,95.66,0.24,0.44,33.70,5.48%,35.50,710,0.08
11/1967,92.66,0.24,0.44,33.80,5.75%,35.50,711,-0.06
12/1967,95.30,0.24,0.44,33.90,5.70%,35.50,712,-0.03
01/1968,95.04,0.24,0.45,34.10,5.53%,43.50,713,-0.25
02/1968,90.75,0.25,0.45,34.20,5.56%,43.50,714,-0.15
03/1968,89.09,0.25,0.45,34.30,5.74%,37.70,715,0.21
04/1968,95.67,0.25,0.46,34.40,5.64%,39.10,716,-0.05
05/1968,97.87,0.25,0.46,34.50,5.87%,41.95,717,-0.13
06/1968,100.50,0.25,0.46,34.70,5.72%,40.90,718,-0.07
07/1968,100.30,0.25,0.47,34.90,5.50%,38.85,719,-0.12
08/1968,98.11,0.25,0.47,35.00,5.42%,39.80,720,-0.09
09/1968,101.30,0.25,0.47,35.10,5.46%,39.60,721,-0.18
10/1968,103.80,0.25,0.47,35.30,5.58%,39.00,722,0.11
11/1968,105.40,0.25,0.48,35.40,5.70%,39.85,723,-0.03
12/1968,106.50,0.26,0.48,35.50,6.03%,41.90,724,-0.13
01/1969,102.00,0.26,0.48,35.60,6.04%,42.54,672,-0.11
02/1969,101.50,0.26,0.48,35.80,6.19%,42.70,673,-0.14
03/1969,99.30,0.26,0.49,36.10,6.30%,42.90,674,0.01
04/1969,101.30,0.26,0.49,36.30,6.17%,43.60,675,0.18
05/1969,104.60,0.26,0.49,36.40,6.32%,43.08,676,0.19
06/1969,99.14,0.26,0.49,36.60,6.57%,41.20,677,0.05
07/1969,94.71,0.26,0.49,36.80,6.72%,41.39,678,-0.02
08/1969,94.18,0.26,0.49,37.00,6.69%,40.86,679,0.03
09/1969,94.51,0.26,0.49,37.10,7.16%,40.68,680,0.09
10/1969,95.52,0.26,0.49,37.30,7.10%,39.75,681,0.13
11/1969,96.21,0.26,0.48,37.50,7.14%,35.60,682,0.13
12/1969,91.11,0.26,0.48,37.70,7.65%,35.20,683,0.28
01/1970,90.31,0.26,0.48,37.80,7.79%,34.99,684,0.09
02/1970,87.16,0.26,0.47,38.00,7.24%,35.02,685,0.22
03/1970,88.65,0.26,0.47,38.20,7.07%,35.30,686,0.08
04/1970,85.95,0.26,0.47,38.50,7.39%,35.85,687,0.09
05/1970,76.06,0.26,0.46,38.60,7.91%,35.45,688,-0.04
06/1970,75.59,0.27,0.46,38.80,7.84%,35.49,689,-0.02
07/1970,75.72,0.27,0.46,39.00,7.46%,35.30,690,-0.02
08/1970,77.92,0.27,0.45,39.00,7.53%,35.80,691,-0.09
09/1970,82.58,0.27,0.45,39.20,7.39%,36.40,692,0.11
10/1970,84.37,0.26,0.44,39.40,7.33%,37.25,693,0.06
11/1970,84.28,0.26,0.43,39.60,6.84%,37.54,694,0.02
12/1970,90.05,0.26,0.43,39.80,6.39%,37.38,695,-0.12
01/1971,93.49,0.26,0.43,39.80,6.24%,38.05,696,-0.02
02/1971,97.11,0.26,0.43,39.90,6.11%,38.80,697,-0.19
03/1971,99.60,0.26,0.44,40.00,5.70%,38.88,698,-0.17
04/1971,103.00,0.26,0.44,40.10,5.83%,39.70,699,-0.08
05/1971,101.60,0.26,0.44,40.30,6.39%,40.84,700,-0.05
06/1971,99.72,0.26,0.44,40.60,6.52%,40.10,701,-0.19
07/1971,99.00,0.26,0.45,40.70,6.73%,42.40,702,-0.11
08/1971,97.24,0.26,0.45,40.80,6.58%,40.65,703,-0.03
09/1971,99.40,0.26,0.45,40.80,6.14%,42.60,704,-0.04
10/1971,97.29,0.26,0.46,40.90,5.93%,42.34,705,-0.06
11/1971,92.78,0.26,0.47,40.90,5.81%,43.60,706,-0.05
12/1971,99.17,0.26,0.48,41.10,5.93%,43.55,707,-0.09
01/1972,103.30,0.26,0.48,41.10,5.95%,47.15,708,-0.24
02/1972,105.20,0.26,0.48,41.30,6.08%,48.20,709,-0.16
03/1972,107.70,0.26,0.48,41.40,6.07%,48.38,710,0.03
04/1972,108.80,0.26,0.49,41.50,6.19%,49.60,711,0.01
05/1972,107.70,0.26,0.49,41.60,6.13%,59.45,712,-0.03
06/1972,108.00,0.26,0.50,41.70,6.11%,64.65,713,0.06
07/1972,107.20,0.26,0.50,41.90,6.11%,68.30,714,0.01
08/1972,111.00,0.26,0.51,42.00,6.21%,66.88,715,0.17
09/1972,109.40,0.26,0.51,42.10,6.55%,64.20,716,0.02
10/1972,109.60,0.26,0.52,42.30,6.48%,64.39,717,0.09
11/1972,115.10,0.26,0.53,42.40,6.28%,63.60,718,0.04
12/1972,117.50,0.26,0.54,42.50,6.36%,64.90,719,0.20
01/1973,118.40,0.26,0.55,42.60,6.46%,66.00,720,0.29
02/1973,114.20,0.26,0.56,42.90,6.64%,85.00,721,0.31
03/1973,112.40,0.26,0.57,43.30,6.71%,90.00,722,0.27
04/1973,110.30,0.27,0.58,43.60,6.67%,90.73,723,0.26
05/1973,107.20,0.27,0.59,43.90,6.85%,114.75,724,0.26
06/1973,104.80,0.27,0.60,44.20,6.90%,123.25,725,0.18
07/1973,105.80,0.27,0.62,44.30,7.13%,115.60,726,0.10
08/1973,103.80,0.27,0.63,45.10,7.40%,103.50,727,0.04
09/1973,105.60,0.27,0.64,45.20,7.09%,100.00,728,0.10
10/1973,109.80,0.28,0.65,45.60,6.79%,98.00,729,0.14
11/1973,102.00,0.28,0.67,45.90,6.73%,101.00,730,0.06
12/1973,94.78,0.28,0.68,46.20,6.74%,112.25,731,-0.06
01/1974,96.11,0.28,0.69,46.60,6.99%,132.50,732,-0.15
02/1974,93.45,0.29,0.69,47.20,6.96%,162.50,733,-0.29
03/1974,97.44,0.29,0.70,47.80,7.21%,173.00,734,-0.06
04/1974,92.46,0.29,0.71,48.00,7.51%,169.25,735,-0.12
05/1974,89.67,0.29,0.72,48.60,7.58%,156.75,736,-0.02
06/1974,89.79,0.29,0.73,49.00,7.54%,144.25,737,-0.06
07/1974,79.31,0.29,0.74,49.40,7.81%,156.00,738,-0.05
08/1974,76.03,0.30,0.75,50.00,8.04%,156.00,733,0.11
09/1974,68.12,0.30,0.76,50.60,8.04%,151.25,734,-0.11
10/1974,69.44,0.30,0.75,51.10,7.90%,167.00,735,-0.08
11/1974,71.74,0.30,0.75,51.50,7.68%,184.00,736,-0.07
12/1974,67.07,0.30,0.74,51.90,7.43%,186.50,737,-0.09
01/1975,72.56,0.30,0.73,52.10,7.50%,175.80,738,0.07
02/1975,80.10,0.30,0.72,52.50,7.39%,181.75,739,0.07
03/1975,83.78,0.31,0.70,52.70,7.73%,177.25,740,0.13
04/1975,84.72,0.31,0.69,52.90,8.23%,167.00,741,0.05
05/1975,90.10,0.31,0.68,53.20,8.06%,167.00,742,0.16
06/1975,92.40,0.31,0.66,53.60,7.86%,166.25,743,0.00
07/1975,92.49,0.31,0.66,54.20,8.06%,166.70,744,-0.01
08/1975,85.71,0.31,0.65,54.30,8.40%,159.80,745,-0.19
09/1975,84.67,0.31,0.65,54.60,8.43%,141.25,746,-0.03
10/1975,88.57,0.31,0.65,54.90,8.14%,142.90,747,-0.09
11/1975,90.07,0.31,0.66,55.30,8.05%,138.15,748,-0.16
12/1975,88.70,0.31,0.66,55.50,8.00%,140.25,749,-0.17
01/1976,96.86,0.31,0.68,55.60,7.74%,128.15,750,-0.01
02/1976,100.60,0.31,0.70,55.80,7.79%,132.30,751,-0.06
03/1976,101.10,0.31,0.72,55.90,7.73%,129.60,752,-0.21
04/1976,101.90,0.31,0.74,56.10,7.56%,128.40,753,-0.08
05/1976,101.20,0.31,0.75,56.50,7.90%,125.50,754,-0.24
06/1976,101.80,0.31,0.77,56.80,7.86%,123.80,755,-0.16
07/1976,104.20,0.32,0.78,57.10,7.83%,112.50,756,-0.10
08/1976,103.30,0.32,0.79,57.40,7.77%,104.00,757,-0.15
09/1976,105.50,0.32,0.80,57.60,7.59%,116.00,758,-0.09
10/1976,101.90,0.33,0.81,57.90,7.41%,123.15,759,-0.26
11/1976,101.20,0.33,0.82,58.00,7.29%,130.25,760,-0.04
12/1976,104.70,0.34,0.83,58.20,6.87%,134.50,761,0.10
01/1977,103.80,0.34,0.83,58.50,7.21%,132.30,627,0.19
02/1977,101.00,0.35,0.84,59.10,7.39%,142.75,628,0.22
03/1977,100.60,0.35,0.84,59.50,7.46%,148.90,629,0.25
04/1977,99.05,0.35,0.85,60.00,7.37%,147.25,630,0.27
05/1977,98.76,0.36,0.86,60.30,7.46%,142.95,631,0.30
06/1977,99.29,0.36,0.87,60.70,7.28%,143.00,632,0.24
07/1977,100.20,0.37,0.88,61.00,7.33%,144.10,633,0.20
08/1977,97.75,0.37,0.88,61.20,7.40%,146.00,634,0.16
09/1977,96.23,0.38,0.89,61.40,7.34%,154.05,635,0.00
10/1977,93.74,0.38,0.90,61.60,7.52%,161.50,636,0.02
11/1977,94.28,0.38,0.90,61.90,7.58%,160.05,637,0.17
12/1977,93.82,0.39,0.91,62.10,7.69%,164.95,638,0.02
01/1978,90.25,0.39,0.91,62.50,7.96%,175.75,639,0.06
02/1978,88.98,0.40,0.91,62.90,8.03%,182.25,640,0.14
03/1978,88.82,0.40,0.91,63.40,8.04%,181.60,641,0.21
04/1978,92.71,0.40,0.92,63.90,8.15%,170.85,642,0.15
05/1978,97.41,0.41,0.93,64.50,8.35%,184.15,643,0.06
06/1978,97.66,0.41,0.94,65.20,8.46%,183.05,644,-0.02
07/1978,97.19,0.41,0.95,65.70,8.64%,200.25,645,0.03
08/1978,103.90,0.42,0.95,66.00,8.41%,208.70,646,-0.17
09/1978,103.90,0.42,0.96,66.50,8.42%,217.10,647,0.05
10/1978,100.60,0.42,0.99,67.10,8.64%,242.60,648,0.00
11/1978,94.71,0.42,1.01,67.40,8.81%,193.40,649,0.16
12/1978,96.11,0.42,1.03,67.70,9.01%,226.00,650,0.10
01/1979,99.71,0.43,1.05,68.30,9.10%,233.70,651,0.12
02/1979,98.23,0.43,1.08,69.10,9.10%,251.30,652,-0.10
03/1979,100.10,0.43,1.11,69.80,9.12%,240.10,653,0.18
04/1979,102.10,0.44,1.13,70.60,9.18%,245.30,654,0.13
05/1979,99.73,0.44,1.15,71.50,9.25%,274.60,655,0.06
06/1979,101.70,0.45,1.17,72.30,8.91%,277.50,656,0.13
07/1979,102.70,0.45,1.18,73.10,8.95%,296.45,657,0.02
08/1979,107.40,0.45,1.20,73.80,9.03%,315.10,658,0.14
09/1979,108.60,0.46,1.22,74.60,9.33%,397.25,659,0.25
10/1979,104.50,0.46,1.23,75.20,10.30%,382.00,660,0.24
11/1979,103.70,0.47,1.23,75.90,10.65%,415.65,661,0.28
12/1979,107.80,0.47,1.24,76.70,10.39%,512.00,662,0.47
01/1980,110.90,0.48,1.25,77.80,10.80%,653.00,663,0.30
02/1980,115.30,0.48,1.26,78.90,12.41%,637.00,664,0.43
03/1980,104.70,0.48,1.27,80.10,12.75%,494.50,665,0.30
04/1980,103.00,0.49,1.26,81.00,11.47%,518.00,666,0.33
05/1980,107.70,0.49,1.25,81.80,10.18%,535.50,667,0.36
06/1980,114.60,0.50,1.25,82.70,9.78%,653.50,668,0.17
07/1980,119.80,0.50,1.24,82.70,10.25%,614.25,669,0.29
08/1980,123.50,0.50,1.23,83.30,11.10%,631.25,670,0.23
09/1980,126.50,0.51,1.22,84.00,11.51%,666.75,671,0.19
10/1980,130.20,0.51,1.23,84.80,11.75%,629.00,672,0.18
11/1980,135.70,0.51,1.23,85.50,12.68%,619.75,673,0.29
12/1980,133.50,0.51,1.24,86.30,12.84%,589.75,674,0.20
01/1981,133.00,0.52,1.23,87.00,12.57%,506.50,839,0.55
02/1981,128.40,0.52,1.22,87.90,13.19%,489.00,840,0.41
03/1981,133.20,0.52,1.22,88.50,13.12%,513.75,841,0.49
04/1981,134.40,0.53,1.23,89.10,13.68%,482.75,842,0.31
05/1981,131.70,0.53,1.24,89.80,14.10%,479.25,843,0.24
06/1981,132.30,0.53,1.25,90.60,13.47%,426.00,844,0.32
07/1981,129.10,0.54,1.26,91.60,14.28%,406.00,845,0.34
08/1981,129.60,0.54,1.27,92.30,14.94%,425.00,846,0.32
09/1981,118.30,0.54,1.27,93.20,15.32%,428.75,847,0.17
10/1981,119.80,0.55,1.28,93.40,15.15%,427.00,848,0.14
11/1981,122.90,0.55,1.28,93.70,13.39%,414.50,849,0.24
12/1981,123.80,0.55,1.28,94.00,13.72%,397.50,850,0.43
01/1982,117.30,0.56,1.26,94.30,14.59%,387.00,851,0.10
02/1982,114.50,0.56,1.25,94.60,14.43%,362.60,852,0.15
03/1982,110.80,0.56,1.23,94.50,13.86%,320.00,853,-0.01
04/1982,116.30,0.56,1.22,94.90,13.87%,361.25,854,0.09
05/1982,116.40,0.57,1.20,95.80,13.62%,325.25,855,0.16
06/1982,109.70,0.57,1.18,97.00,14.30%,317.50,856,0.05
07/1982,109.40,0.57,1.16,97.50,13.95%,342.90,857,0.13
08/1982,109.70,0.57,1.15,97.70,13.06%,411.50,858,0.07
09/1982,122.40,0.57,1.13,97.90,12.34%,397.00,859,0.14
10/1982,132.70,0.57,1.10,98.20,10.91%,423.25,860,0.13
11/1982,138.10,0.57,1.08,98.00,10.55%,436.00,861,0.15
12/1982,139.40,0.57,1.05,97.60,10.54%,456.90,862,0.43
01/1983,144.30,0.57,1.05,97.80,10.46%,499.50,863,0.52
02/1983,146.80,0.57,1.04,97.90,10.72%,408.50,864,0.40
03/1983,151.90,0.58,1.04,97.90,10.51%,414.75,865,0.42
04/1983,157.70,0.58,1.04,98.60,10.40%,429.25,866,0.31
05/1983,164.10,0.58,1.04,99.20,10.38%,437.50,867,0.36
06/1983,166.40,0.58,1.05,99.50,10.85%,416.00,868,0.20
07/1983,167.00,0.58,1.07,99.90,11.38%,422.00,869,0.17
08/1983,162.40,0.58,1.09,100.20,11.85%,414.25,870,0.33
09/1983,167.20,0.58,1.11,100.70,11.65%,405.00,871,0.39
10/1983,167.70,0.59,1.13,101.00,11.54%,382.00,872,0.16
11/1983,165.20,0.59,1.15,101.20,11.69%,405.00,873,0.32
12/1983,164.40,0.59,1.17,101.30,11.83%,382.40,874,0.17
01/1984,166.40,0.59,1.20,101.90,11.67%,373.75,875,0.30
02/1984,157.30,0.60,1.24,102.40,11.84%,394.25,876,0.17
03/1984,157.40,0.60,1.27,102.60,12.32%,388.50,877,0.29
04/1984,157.60,0.60,1.30,103.10,12.63%,375.80,878,0.09
05/1984,156.60,0.61,1.32,103.40,13.41%,384.25,879,0.33
06/1984,153.10,0.61,1.35,103.70,13.56%,373.05,880,0.06
07/1984,151.10,0.61,1.36,104.10,13.36%,342.35,881,0.17
08/1984,164.40,0.61,1.37,104.50,12.72%,348.25,882,0.16
09/1984,166.10,0.62,1.38,105.00,12.52%,343.75,883,0.21
10/1984,164.80,0.62,1.38,105.30,12.16%,333.50,884,0.16
11/1984,166.30,0.62,1.38,105.30,11.57%,329.00,885,0.06
12/1984,164.50,0.63,1.39,105.30,11.50%,308.30,886,-0.05
01/1985,171.60,0.63,1.38,105.50,11.38%,306.65,887,0.22
02/1985,180.90,0.63,1.37,106.00,11.51%,287.75,888,-0.06
03/1985,179.40,0.64,1.37,106.40,11.86%,329.25,889,0.17
04/1985,180.60,0.64,1.34,106.90,11.43%,321.35,890,0.11
05/1985,184.90,0.64,1.32,107.30,10.85%,314.00,891,0.17
06/1985,188.90,0.65,1.30,107.60,10.16%,317.75,892,0.18
07/1985,192.50,0.65,1.29,107.80,10.31%,327.50,893,-0.01
08/1985,188.30,0.65,1.28,108.00,10.33%,333.25,894,0.15
09/1985,184.10,0.65,1.27,108.30,10.37%,325.75,895,0.15
10/1985,186.20,0.66,1.25,108.70,10.24%,325.10,896,0.11
11/1985,197.50,0.66,1.23,109.00,9.78%,325.30,897,0.09
12/1985,207.30,0.66,1.22,109.30,9.26%,326.80,898,0.15
01/1986,208.20,0.66,1.22,109.60,9.19%,350.50,899,0.29
02/1986,219.40,0.67,1.21,109.30,8.70%,338.15,900,0.39
03/1986,232.30,0.67,1.21,108.80,7.78%,344.00,901,0.28
04/1986,238.00,0.67,1.22,108.60,7.30%,345.75,902,0.24
05/1986,238.50,0.67,1.22,108.90,7.71%,343.20,903,0.25
06/1986,245.30,0.68,1.23,109.50,7.80%,346.75,904,0.11
07/1986,240.20,0.68,1.23,109.50,7.30%,357.50,905,0.11
08/1986,245.00,0.68,1.23,109.70,7.17%,384.70,906,0.12
09/1986,238.30,0.69,1.24,110.20,7.45%,423.20,907,0.00
10/1986,237.40,0.69,1.23,110.30,7.43%,401.00,908,0.13
11/1986,245.10,0.69,1.22,110.40,7.25%,389.50,909,0.11
12/1986,248.60,0.69,1.21,110.50,7.11%,388.75,910,0.17
01/1987,264.50,0.69,1.22,111.20,7.08%,400.50,911,0.36
02/1987,280.90,0.69,1.24,111.60,7.25%,405.85,912,0.46
03/1987,292.50,0.70,1.26,112.10,7.25%,421.00,913,0.16
04/1987,289.30,0.70,1.24,112.70,8.02%,453.25,914,0.22
05/1987,289.10,0.71,1.22,113.10,8.61%,451.00,915,0.25
06/1987,301.40,0.71,1.20,113.50,8.40%,447.30,916,0.37
07/1987,310.10,0.71,1.24,113.80,8.45%,462.50,917,0.45
08/1987,329.40,0.72,1.28,114.40,8.76%,453.40,918,0.28
09/1987,318.70,0.72,1.32,115.00,9.42%,459.50,919,0.39
10/1987,280.20,0.73,1.37,115.30,9.52%,468.80,920,0.32
11/1987,245.00,0.73,1.41,115.40,8.86%,492.50,921,0.25
12/1987,241.00,0.73,1.46,115.40,8.99%,484.10,922,0.48
01/1988,250.50,0.74,1.49,115.70,8.67%,458.00,923,0.57
02/1988,258.10,0.74,1.52,116.00,8.21%,426.15,924,0.43
03/1988,265.70,0.75,1.55,116.50,8.37%,456.95,925,0.51
04/1988,262.60,0.75,1.63,117.10,8.72%,449.00,926,0.45
05/1988,256.10,0.76,1.72,117.50,9.09%,455.50,927,0.43
06/1988,270.70,0.77,1.81,118.00,8.92%,436.55,928,0.43
07/1988,269.10,0.78,1.84,118.50,9.06%,436.80,929,0.34
08/1988,263.70,0.78,1.86,119.00,9.26%,427.75,930,0.47
09/1988,268.00,0.79,1.89,119.80,8.98%,396.70,931,0.41
10/1988,277.40,0.80,1.92,120.20,8.80%,412.40,932,0.39
11/1988,271.00,0.80,1.95,120.30,8.96%,422.60,933,0.12
12/1988,276.50,0.81,1.98,120.50,9.11%,410.25,934,0.33
01/1989,285.40,0.82,2.01,121.10,9.09%,394.00,775,0.15
02/1989,294.00,0.82,2.05,121.60,9.17%,387.00,776,0.35
03/1989,292.70,0.83,2.08,122.30,9.36%,383.20,777,0.36
04/1989,302.30,0.84,2.09,123.10,9.18%,377.55,778,0.33
05/1989,313.90,0.85,2.09,123.80,8.86%,361.80,779,0.16
06/1989,323.70,0.86,2.10,124.10,8.28%,373.00,780,0.14
07/1989,331.90,0.87,2.06,124.40,8.02%,368.30,781,0.33
08/1989,346.60,0.88,2.02,124.60,8.11%,359.80,782,0.37
09/1989,347.30,0.89,1.97,125.00,8.19%,366.50,783,0.37
10/1989,347.40,0.90,1.95,125.60,8.01%,375.30,784,0.31
11/1989,340.20,0.91,1.93,125.90,7.87%,408.15,785,0.20
12/1989,348.60,0.92,1.91,126.10,7.84%,398.60,786,0.38
01/1990,339.97,0.93,1.87,127.40,8.21%,415.05,787,0.40
02/1990,330.45,0.94,1.84,128.00,8.47%,407.70,788,0.41
03/1990,338.46,0.94,1.81,128.70,8.59%,368.50,789,0.76
04/1990,338.18,0.95,1.79,128.90,8.79%,367.75,790,0.55
05/1990,350.25,0.96,1.78,129.20,8.76%,363.05,791,0.46
06/1990,360.39,0.97,1.77,129.90,8.48%,352.20,792,0.38
07/1990,360.03,0.98,1.79,130.40,8.47%,372.30,793,0.43
08/1990,330.75,0.98,1.80,131.60,8.75%,387.75,794,0.30
09/1990,315.41,0.99,1.81,132.70,8.89%,408.40,795,0.28
10/1990,307.12,0.99,1.80,133.50,8.72%,379.50,796,0.41
11/1990,315.29,1.00,1.79,133.80,8.39%,384.85,797,0.45
12/1990,328.75,1.01,1.78,133.80,8.08%,386.20,798,0.40
01/1991,325.49,1.01,1.77,134.60,8.09%,366.00,799,0.40
02/1991,362.26,1.01,1.75,134.80,7.85%,362.70,800,0.49
03/1991,372.28,1.01,1.75,135.00,8.11%,355.65,801,0.34
04/1991,379.68,1.01,1.70,135.20,8.04%,357.75,802,0.52
05/1991,377.99,1.01,1.65,135.60,8.07%,360.40,803,0.37
06/1991,378.29,1.01,1.62,136.00,8.28%,368.35,804,0.52
07/1991,380.23,1.02,1.57,136.20,8.27%,362.85,805,0.47
08/1991,389.40,1.02,1.53,136.60,7.90%,347.40,806,0.39
09/1991,387.20,1.02,1.49,137.20,7.65%,354.90,807,0.48
10/1991,386.88,1.02,1.43,137.40,7.53%,357.45,808,0.29
11/1991,385.92,1.02,1.38,137.80,7.42%,366.30,809,0.31
12/1991,388.51,1.02,1.33,137.90,7.09%,353.15,810,0.32
01/1992,416.08,1.02,1.34,138.10,7.03%,354.10,811,0.44
02/1992,412.56,1.02,1.34,138.60,7.34%,353.10,812,0.41
03/1992,407.36,1.03,1.35,139.30,7.54%,341.70,813,0.47
04/1992,407.41,1.03,1.37,139.50,7.48%,336.35,814,0.23
05/1992,414.81,1.03,1.40,139.70,7.39%,337.50,815,0.32
06/1992,408.27,1.03,1.42,140.20,7.26%,343.40,816,0.25
07/1992,415.05,1.03,1.45,140.50,6.84%,357.85,817,0.11
08/1992,417.93,1.03,1.48,140.90,6.59%,340.00,818,0.07
09/1992,418.48,1.03,1.50,141.30,6.42%,349.00,819,-0.01
10/1992,412.50,1.03,1.53,141.80,6.59%,339.25,820,0.08
11/1992,422.84,1.03,1.56,142.00,6.87%,334.20,821,0.03
12/1992,435.64,1.03,1.59,141.90,6.77%,332.90,822,0.21
01/1993,435.23,1.03,1.61,142.60,6.60%,330.45,557,0.37
02/1993,441.70,1.04,1.63,143.10,6.26%,327.60,558,0.38
03/1993,450.16,1.04,1.65,143.60,5.98%,337.80,559,0.36
04/1993,443.08,1.04,1.64,144.00,5.97%,354.30,560,0.26
05/1993,445.25,1.04,1.63,144.20,6.04%,377.45,561,0.27
06/1993,448.06,1.04,1.61,144.40,5.96%,378.45,562,0.25
07/1993,447.29,1.04,1.64,144.40,5.81%,401.75,563,0.27
08/1993,454.13,1.04,1.67,144.80,5.68%,371.55,564,0.13
09/1993,459.24,1.04,1.70,145.10,5.36%,355.50,565,0.10
10/1993,463.90,1.05,1.74,145.70,5.33%,369.60,566,0.22
11/1993,462.89,1.05,1.78,145.80,5.72%,370.90,567,0.06
12/1993,465.95,1.05,1.82,145.80,5.77%,391.75,568,0.16
01/1994,472.99,1.05,1.85,146.20,5.75%,377.90,569,0.27
02/1994,471.58,1.06,1.87,146.70,5.97%,381.55,570,0.02
03/1994,463.81,1.06,1.89,147.20,6.48%,389.20,571,0.27
04/1994,447.23,1.06,1.96,147.40,6.97%,376.45,572,0.40
05/1994,450.90,1.07,2.03,147.50,7.18%,387.60,573,0.28
06/1994,454.83,1.07,2.10,148.00,7.10%,388.25,574,0.42
07/1994,451.40,1.07,2.16,148.40,7.30%,384.00,575,0.30
08/1994,464.24,1.08,2.22,149.00,7.24%,385.75,576,0.21
09/1994,466.96,1.08,2.28,149.40,7.46%,394.85,577,0.28
10/1994,463.81,1.08,2.37,149.50,7.74%,383.85,578,0.41
11/1994,461.01,1.09,2.46,149.70,7.96%,383.10,579,0.46
12/1994,455.19,1.10,2.55,149.70,7.81%,383.25,580,0.36
01/1995,465.25,1.10,2.60,150.30,7.78%,374.90,581,0.50
02/1995,481.92,1.10,2.66,150.90,7.47%,376.40,582,0.78
03/1995,493.15,1.10,2.71,151.40,7.20%,392.00,583,0.45
04/1995,507.91,1.10,2.76,151.90,7.06%,389.75,584,0.47
05/1995,523.81,1.11,2.82,152.20,6.63%,384.30,585,0.26
06/1995,539.35,1.11,2.87,152.50,6.17%,387.05,586,0.41
07/1995,557.37,1.12,2.89,152.50,6.28%,383.35,587,0.48
08/1995,559.11,1.13,2.91,152.90,6.49%,382.35,588,0.45
09/1995,578.77,1.13,2.93,153.20,6.20%,384.00,589,0.32
10/1995,582.92,1.14,2.90,153.70,6.04%,382.65,590,0.47
11/1995,595.53,1.14,2.86,153.60,5.93%,387.80,591,0.45
12/1995,614.57,1.15,2.83,153.50,5.71%,387.00,592,0.28
01/1996,614.42,1.16,2.83,154.40,5.65%,405.55,593,0.25
02/1996,649.54,1.17,2.83,154.90,5.81%,400.65,594,0.48
03/1996,647.07,1.18,2.84,155.70,6.27%,396.35,595,0.32
04/1996,647.17,1.18,2.86,156.30,6.51%,391.30,596,0.36
05/1996,661.23,1.18,2.89,156.60,6.74%,390.55,597,0.26
06/1996,668.50,1.19,2.91,156.70,6.91%,382.00,598,0.25
07/1996,644.07,1.20,2.94,157.00,6.87%,385.30,599,0.35
08/1996,662.68,1.21,2.97,157.30,6.64%,386.45,600,0.48
09/1996,674.88,1.22,3.00,157.80,6.83%,379.00,601,0.25
10/1996,701.46,1.23,3.08,158.30,6.53%,379.50,602,0.18
11/1996,735.67,1.24,3.15,158.60,6.20%,371.30,603,0.41
12/1996,743.25,1.24,3.23,158.60,6.30%,369.25,604,0.40
01/1997,766.22,1.25,3.27,159.10,6.58%,345.50,605,0.31
02/1997,798.39,1.25,3.31,159.60,6.42%,358.60,606,0.38
03/1997,792.16,1.26,3.35,160.00,6.69%,348.15,607,0.53
04/1997,763.93,1.26,3.36,160.20,6.89%,340.15,608,0.35
05/1997,833.09,1.26,3.37,160.10,6.71%,345.60,609,0.36
06/1997,876.29,1.26,3.38,160.30,6.49%,334.55,610,0.53
07/1997,925.29,1.27,3.38,160.50,6.22%,326.35,611,0.34
08/1997,927.24,1.27,3.38,160.80,6.30%,325.35,612,0.40
09/1997,937.02,1.28,3.39,161.20,6.21%,332.10,613,0.53
10/1997,951.16,1.28,3.36,161.60,6.03%,311.40,614,0.62
11/1997,938.92,1.29,3.34,161.50,5.88%,296.80,615,0.64
12/1997,962.37,1.29,3.31,161.30,5.81%,290.20,616,0.59
01/1998,963.36,1.30,3.31,161.60,5.54%,304.85,617,0.60
02/1998,1023.74,1.30,3.30,161.90,5.57%,297.40,618,0.90
03/1998,1076.83,1.30,3.30,162.20,5.65%,301.00,619,0.63
04/1998,1112.20,1.31,3.28,162.50,5.64%,310.70,620,0.63
05/1998,1108.42,1.32,3.26,162.80,5.65%,293.60,621,0.69
06/1998,1108.39,1.33,3.25,163.00,5.50%,296.30,622,0.77
07/1998,1156.58,1.33,3.22,163.20,5.46%,288.85,623,0.68
08/1998,1074.62,1.34,3.20,163.40,5.34%,273.40,624,0.66
09/1998,1020.64,1.35,3.17,163.60,4.81%,293.85,625,0.42
10/1998,1032.47,1.35,3.16,164.00,4.53%,292.30,626,0.44
11/1998,1144.43,1.35,3.15,164.00,4.83%,294.70,627,0.49
12/1998,1190.05,1.35,3.14,163.90,4.65%,287.80,628,0.56
01/1999,1248.77,1.36,3.16,164.30,4.72%,285.40,629,0.48
02/1999,1246.58,1.36,3.18,164.50,5.00%,287.05,630,0.65
03/1999,1281.66,1.37,3.20,165.00,5.23%,279.45,631,0.34
04/1999,1334.76,1.37,3.27,166.20,5.18%,286.60,632,0.32
05/1999,1332.07,1.37,3.35,166.20,5.54%,268.60,633,0.31
06/1999,1322.55,1.37,3.42,166.20,5.90%,261.00,634,0.37
07/1999,1380.99,1.38,3.50,166.70,5.79%,255.60,635,0.37
08/1999,1327.49,1.38,3.58,167.10,5.94%,254.80,636,0.31
09/1999,1318.17,1.39,3.66,167.90,5.92%,299.00,637,0.41
10/1999,1300.01,1.39,3.78,168.20,6.11%,299.10,638,0.39
11/1999,1391.00,1.39,3.90,168.30,6.03%,291.35,639,0.38
12/1999,1428.68,1.39,4.01,168.30,6.28%,290.25,640,0.43
01/2000,1425.59,1.39,4.09,168.80,6.66%,283.30,641,0.24
02/2000,1388.87,1.39,4.17,169.80,6.52%,293.65,642,0.56
03/2000,1442.21,1.40,4.25,171.20,6.26%,276.75,643,0.57
04/2000,1461.36,1.40,4.27,171.30,5.99%,275.05,644,0.57
05/2000,1418.48,1.39,4.30,171.50,6.44%,272.25,645,0.36
06/2000,1461.96,1.39,4.33,172.40,6.10%,288.15,646,0.41
07/2000,1473.00,1.38,4.38,172.80,6.05%,276.75,647,0.38
08/2000,1485.46,1.37,4.43,172.80,5.83%,277.00,648,0.42
09/2000,1468.05,1.36,4.48,173.70,5.80%,273.65,649,0.40
10/2000,1390.14,1.36,4.37,174.00,5.74%,264.50,650,0.28
11/2000,1378.04,1.36,4.27,174.10,5.72%,269.10,651,0.32
12/2000,1330.93,1.36,4.17,174.00,5.24%,274.45,652,0.29
01/2001,1335.63,1.35,4.04,175.10,5.16%,264.50,654,0.42
02/2001,1305.75,1.34,3.91,175.80,5.10%,266.70,655,0.44
03/2001,1185.85,1.33,3.79,176.20,4.89%,257.70,656,0.56
04/2001,1189.84,1.32,3.55,176.90,5.14%,263.15,657,0.50
05/2001,1270.37,1.32,3.31,177.70,5.39%,267.50,658,0.56
06/2001,1238.71,1.31,3.07,178.00,5.28%,270.60,659,0.54
07/2001,1204.45,1.31,2.83,177.50,5.24%,265.90,660,0.60
08/2001,1178.50,1.31,2.59,177.50,4.97%,273.00,661,0.48
09/2001,1044.64,1.31,2.36,178.30,4.73%,293.10,662,0.54
10/2001,1076.59,1.31,2.26,177.70,4.57%,278.75,663,0.50
11/2001,1129.68,1.31,2.16,177.40,4.65%,275.50,664,0.70
12/2001,1144.93,1.31,2.06,176.70,5.09%,276.50,665,0.55
01/2002,1140.21,1.31,2.06,177.10,5.04%,282.30,666,0.75
02/2002,1100.67,1.31,2.06,177.80,4.91%,296.85,667,0.75
03/2002,1153.79,1.31,2.06,178.80,5.28%,301.40,668,0.90
04/2002,1111.93,1.32,2.12,179.80,5.21%,308.20,669,0.56
05/2002,1079.25,1.33,2.17,179.80,5.16%,326.60,670,0.64
06/2002,1014.02,1.34,2.23,179.90,4.93%,318.50,671,0.55
07/2002,903.59,1.33,2.32,180.10,4.65%,304.65,672,0.61
08/2002,912.55,1.32,2.41,180.70,4.26%,312.80,673,0.53
09/2002,867.81,1.32,2.50,181.00,3.87%,323.70,674,0.62
10/2002,854.63,1.32,2.44,181.30,3.94%,316.90,675,0.55
11/2002,909.93,1.33,2.37,181.30,4.05%,319.05,676,0.58
12/2002,899.18,1.34,2.30,180.90,4.03%,347.20,677,0.44
01/2003,895.84,1.34,2.38,181.70,4.05%,367.50,678,0.73
02/2003,837.03,1.35,2.45,183.10,3.90%,347.45,679,0.55
03/2003,846.63,1.35,2.53,184.20,3.81%,334.85,680,0.58
04/2003,890.03,1.35,2.64,183.80,3.96%,336.75,681,0.53
05/2003,935.96,1.35,2.76,183.50,3.57%,361.40,682,0.61
06/2003,988.00,1.35,2.88,183.70,3.33%,346.00,683,0.48
07/2003,992.54,1.36,2.99,183.90,3.98%,354.75,684,0.53
08/2003,989.53,1.37,3.10,184.60,4.45%,375.60,685,0.65
09/2003,1019.44,1.38,3.22,185.20,4.27%,388.00,686,0.64
10/2003,1038.73,1.40,3.50,185.00,4.29%,386.25,687,0.74
11/2003,1049.90,1.43,3.78,184.50,4.30%,398.35,688,0.52
12/2003,1080.64,1.45,4.06,184.30,4.27%,416.25,689,0.73
01/2004,1132.52,1.47,4.15,185.20,4.15%,399.75,690,0.59
02/2004,1143.36,1.48,4.24,186.20,4.08%,395.85,691,0.72
03/2004,1123.98,1.50,4.33,187.40,3.83%,423.70,692,0.65
04/2004,1133.36,1.52,4.45,188.00,4.35%,388.50,693,0.63
05/2004,1102.78,1.53,4.56,189.10,4.72%,393.25,694,0.39
06/2004,1132.76,1.55,4.68,189.70,4.73%,395.80,695,0.43
07/2004,1105.85,1.57,4.72,189.40,4.50%,391.40,696,0.24
08/2004,1088.94,1.58,4.77,189.50,4.28%,407.25,697,0.43
09/2004,1117.66,1.60,4.81,189.90,4.13%,415.65,698,0.50
10/2004,1117.21,1.60,4.84,190.90,4.10%,425.55,699,0.64
11/2004,1168.94,1.61,4.86,191.00,4.19%,453.40,700,0.70
12/2004,1199.21,1.62,4.88,190.30,4.23%,435.60,701,0.50
01/2005,1181.41,1.64,4.93,190.70,4.22%,422.15,702,0.71
02/2005,1199.63,1.66,4.97,191.80,4.17%,435.45,703,0.57
03/2005,1194.90,1.69,5.02,193.30,4.50%,427.50,704,0.71
04/2005,1164.43,1.71,5.10,194.60,4.34%,435.70,705,0.67
05/2005,1178.28,1.72,5.19,194.40,4.14%,414.45,706,0.62
06/2005,1202.25,1.74,5.27,194.50,4.00%,437.10,707,0.66
07/2005,1222.24,1.76,5.36,195.40,4.18%,429.00,708,0.64
08/2005,1224.27,1.77,5.45,196.40,4.26%,433.25,709,0.60
09/2005,1225.92,1.79,5.54,198.80,4.20%,473.25,710,0.74
10/2005,1191.96,1.81,5.63,199.20,4.46%,470.75,711,0.76
11/2005,1237.37,1.83,5.73,197.60,4.54%,495.65,712,0.72
12/2005,1262.07,1.85,5.82,196.80,4.47%,513.00,713,0.65
01/2006,1278.73,1.87,5.90,198.30,4.42%,568.75,714,0.56
02/2006,1276.65,1.88,5.98,198.70,4.57%,556.00,715,0.69
03/2006,1293.74,1.90,6.06,199.80,4.72%,582.00,716,0.62
04/2006,1302.17,1.92,6.11,201.50,4.99%,644.00,717,0.50
05/2006,1290.01,1.94,6.16,202.50,5.11%,653.00,718,0.47
06/2006,1253.17,1.95,6.21,202.90,5.11%,613.50,719,0.64
07/2006,1260.24,1.97,6.32,203.50,5.09%,632.50,720,0.52
08/2006,1287.15,1.99,6.43,203.90,4.88%,623.50,721,0.70
09/2006,1317.74,2.01,6.55,202.90,4.72%,599.25,722,0.62
10/2006,1363.38,2.03,6.63,201.80,4.73%,603.75,723,0.67
11/2006,1388.64,2.05,6.71,201.50,4.60%,646.70,724,0.69
12/2006,1416.42,2.07,6.79,201.80,4.56%,632.00,725,0.73
01/2007,1424.16,2.09,6.84,202.42,4.76%,650.50,726,0.94
02/2007,1444.80,2.11,6.88,203.50,4.72%,664.20,727,0.70
03/2007,1406.95,2.12,6.93,205.35,4.56%,661.75,728,0.69
04/2007,1463.64,2.14,6.98,206.69,4.69%,677.00,729,0.74
05/2007,1511.14,2.16,7.03,207.95,4.75%,659.10,730,0.66
06/2007,1514.19,2.18,7.08,208.35,5.10%,650.50,731,0.59
07/2007,1520.71,2.20,6.90,208.30,5.00%,665.50,732,0.60
08/2007,1454.62,2.23,6.73,207.92,4.67%,672.00,733,0.57
09/2007,1497.12,2.25,6.55,208.49,4.52%,743.00,734,0.59
10/2007,1539.66,2.27,6.21,208.94,4.53%,789.50,735,0.57
11/2007,1463.39,2.29,5.86,210.18,4.15%,783.50,736,0.55
12/2007,1479.22,2.31,5.52,210.04,4.10%,833.75,737,0.46
01/2008,1378.76,2.33,5.35,211.08,3.74%,923.25,738,0.23
02/2008,1354.87,2.34,5.19,211.69,3.74%,971.50,739,0.34
03/2008,1316.94,2.36,5.03,213.53,3.51%,933.50,740,0.73
04/2008,1370.47,2.37,4.78,214.82,3.68%,871.00,741,0.51
05/2008,1403.22,2.38,4.53,216.63,3.88%,885.75,742,0.47
06/2008,1341.25,2.39,4.28,218.82,4.10%,930.25,743,0.46
07/2008,1257.33,2.40,4.13,219.96,4.01%,918.00,744,0.59
08/2008,1281.47,2.40,3.98,219.09,3.89%,833.00,745,0.43
09/2008,1216.95,2.40,3.83,218.78,3.69%,884.50,746,0.62
10/2008,968.80,2.39,2.97,216.57,3.81%,730.75,747,0.63
11/2008,883.04,2.38,2.10,212.43,3.53%,814.50,748,0.65
12/2008,877.56,2.37,1.24,210.23,2.42%,869.75,749,0.52
01/2009,865.58,2.33,1.02,211.14,2.52%,919.50,569,0.61
02/2009,805.23,2.30,0.79,212.19,2.87%,952.00,570,0.51
03/2009,757.13,2.27,0.57,212.71,2.82%,916.50,571,0.52
04/2009,848.15,2.23,0.59,213.24,2.93%,883.25,572,0.59
05/2009,902.41,2.18,0.61,213.86,3.29%,975.50,573,0.64
06/2009,926.12,2.13,0.63,215.69,3.72%,934.50,574,0.65
07/2009,935.82,2.09,0.77,215.35,3.56%,939.00,575,0.70
08/2009,1009.73,2.04,0.91,215.83,3.59%,955.50,576,0.66
09/2009,1044.55,1.99,1.05,215.97,3.40%,995.75,577,0.68
10/2009,1067.66,1.95,2.11,216.18,3.39%,1040.00,578,0.63
11/2009,1088.07,1.91,3.18,216.33,3.40%,1175.75,579,0.76
12/2009,1110.38,1.87,4.25,215.95,3.59%,1087.50,580,0.65
01/2010,1123.58,1.85,4.52,216.69,3.73%,1078.50,581,0.73
02/2010,1089.16,1.84,4.80,216.74,3.69%,1108.25,582,0.79
03/2010,1152.05,1.83,5.08,217.63,3.73%,1115.50,583,0.92
04/2010,1197.32,1.83,5.25,218.01,3.85%,1179.25,584,0.85
05/2010,1125.06,1.83,5.42,218.18,3.42%,1207.50,585,0.73
06/2010,1083.36,1.84,5.59,217.97,3.20%,1244.00,586,0.62
07/2010,1079.80,1.85,5.72,218.01,3.01%,1169.00,587,0.59
08/2010,1087.28,1.85,5.86,218.31,2.70%,1246.00,588,0.63
09/2010,1122.08,1.86,5.99,218.44,2.65%,1307.00,589,0.59
10/2010,1171.58,1.87,6.14,218.71,2.54%,1346.75,590,0.69
11/2010,1198.89,1.88,6.29,218.80,2.76%,1383.50,591,0.77
12/2010,1241.53,1.89,6.45,219.18,3.29%,1405.50,592,0.46
01/2011,1282.62,1.91,6.56,220.22,3.39%,1327.00,593,0.49
02/2011,1321.12,1.93,6.67,221.31,3.58%,1411.00,594,0.51
03/2011,1304.49,1.95,6.78,223.47,3.41%,1439.00,595,0.62
04/2011,1331.51,1.98,6.85,224.91,3.46%,1535.50,596,0.62
05/2011,1338.31,2.00,6.92,225.96,3.17%,1536.50,597,0.51
06/2011,1287.29,2.03,6.99,225.72,3.00%,1505.50,598,0.58
07/2011,1325.19,2.05,7.08,225.92,3.00%,1628.50,599,0.71
08/2011,1185.31,2.08,7.16,226.55,2.30%,1813.50,600,0.71
09/2011,1173.88,2.10,7.25,226.89,1.98%,1620.00,601,0.54
10/2011,1207.22,2.13,7.25,226.42,2.15%,1722.00,602,0.63
11/2011,1226.42,2.17,7.25,226.23,2.01%,1746.00,603,0.55
12/2011,1243.32,2.20,7.25,225.67,1.98%,1531.00,604,0.53
01/2012,1300.58,2.23,7.29,226.67,1.97%,1744.00,605,0.45
02/2012,1352.49,2.25,7.33,227.66,1.97%,1770.00,606,0.47
03/2012,1389.24,2.28,7.38,229.39,2.17%,1662.50,607,0.56
04/2012,1386.43,2.31,7.36,230.09,2.05%,1651.25,608,0.68
05/2012,1341.27,2.33,7.34,229.82,1.80%,1558.00,609,0.74
06/2012,1323.48,2.36,7.33,229.48,1.62%,1598.50,610,0.63
07/2012,1359.78,2.40,7.29,229.10,1.53%,1622.00,611,0.53
08/2012,1403.45,2.43,7.25,230.38,1.68%,1648.50,612,0.61
09/2012,1443.42,2.47,7.21,231.41,1.72%,1776.00,613,0.72
10/2012,1437.82,2.51,7.21,231.32,1.75%,1719.00,614,0.75
11/2012,1394.51,2.56,7.21,230.22,1.65%,1726.00,615,0.73
12/2012,1422.29,2.60,7.21,229.60,1.72%,1657.50,616,0.52
01/2013,1480.40,2.63,7.24,230.28,1.91%,1664.75,617,0.66
02/2013,1512.31,2.65,7.28,232.17,1.98%,1588.50,618,0.55
03/2013,1550.83,2.68,7.31,232.77,1.96%,1598.25,619,0.66
04/2013,1570.70,2.71,7.40,232.53,1.76%,1469.00,620,0.53
05/2013,1639.84,2.74,7.49,232.95,1.93%,1394.50,621,0.58
06/2013,1618.77,2.77,7.58,233.50,2.30%,1192.00,622,0.65
07/2013,1668.68,2.80,7.67,233.60,2.58%,1314.50,623,0.58
08/2013,1670.09,2.84,7.77,233.88,2.74%,1394.75,624,0.66
09/2013,1687.17,2.87,7.86,234.15,2.81%,1326.50,625,0.77
10/2013,1720.03,2.88,8.03,233.55,2.62%,1324.00,626,0.67
11/2013,1783.54,2.90,8.19,233.07,2.72%,1253.00,627,0.78
12/2013,1807.78,2.92,8.35,233.05,2.90%,1204.50,628,0.65
01/2014,1822.36,2.95,8.37,233.92,2.86%,1251.00,629,0.73
02/2014,1817.04,2.98,8.39,234.78,2.71%,1326.50,630,0.51
03/2014,1863.52,3.02,8.40,236.29,2.72%,1291.75,631,0.76
04/2014,1864.26,3.05,8.47,237.07,2.71%,1288.50,632,0.77
05/2014,1889.77,3.08,8.53,237.90,2.56%,1250.50,633,0.85
06/2014,1947.09,3.12,8.59,238.34,2.60%,1315.00,634,0.66
07/2014,1973.10,3.15,8.67,238.25,2.54%,1285.25,635,0.56
08/2014,1961.53,3.18,8.75,237.85,2.42%,1285.75,636,0.81
09/2014,1993.23,3.21,8.83,238.03,2.53%,1216.50,637,0.88
10/2014,1937.27,3.23,8.73,237.43,2.30%,1164.25,638,0.81
11/2014,2044.57,3.26,8.63,236.15,2.33%,1182.75,639,0.66
12/2014,2054.27,3.29,8.53,234.81,2.21%,1206.00,640,0.77
01/2015,2028.18,3.32,8.44,233.71,1.88%,1260.25,641,0.81
02/2015,2082.20,3.36,8.36,234.72,1.98%,1214.00,642,0.87
03/2015,2079.99,3.40,8.27,236.12,2.04%,1187.00,643,0.90
04/2015,2094.86,3.43,8.15,236.60,1.94%,1180.25,644,0.74
05/2015,2111.94,3.45,8.03,237.81,2.20%,1191.40,645,0.75
06/2015,2099.29,3.48,7.91,238.64,2.36%,1171.00,646,0.79
07/2015,2094.14,3.50,7.79,238.65,2.32%,1098.40,647,0.71
08/2015,2039.87,3.52,7.67,238.32,2.17%,1135.00,648,0.78
09/2015,1944.41,3.54,7.56,237.95,2.17%,1114.00,649,0.82
10/2015,2024.81,3.57,7.44,237.84,2.07%,1142.35,650,1.07
11/2015,2080.62,3.59,7.33,237.34,2.26%,1061.90,651,1.03
12/2015,2054.08,3.62,7.21,236.53,2.24%,1060.00,652,1.10
01/2016,1918.60,3.63,7.21,236.92,2.09%,1111.80,653,1.15
02/2016,1904.42,3.64,7.21,237.11,1.78%,1234.90,654,1.34
03/2016,2021.95,3.66,7.20,238.13,1.89%,1237.00,655,1.31
04/2016,2075.54,3.67,7.22,239.26,1.81%,1285.65,656,1.07
05/2016,2065.55,3.69,7.23,240.23,1.81%,1212.10,657,0.91
06/2016,2083.89,3.71,7.24,241.02,1.64%,1320.75,658,0.77
07/2016,2148.90,3.72,7.30,240.63,1.50%,1342.00,659,0.82
08/2016,2170.95,3.74,7.36,240.85,1.56%,1309.25,660,1.00
09/2016,2157.69,3.75,7.42,241.43,1.63%,1322.50,661,0.87
10/2016,2143.02,3.77,7.58,241.73,1.76%,1272.00,662,0.89
11/2016,2164.99,3.79,7.73,241.35,2.14%,1178.10,663,0.90
12/2016,2246.63,3.81,7.88,241.43,2.49%,1145.90,664,0.83
01/2017,2275.12,3.83,8.04,242.84,2.43%,1212.80,847,0.98
02/2017,2329.91,3.85,8.20,243.60,2.42%,1255.60,848,1.12
03/2017,2366.82,3.87,8.36,243.80,2.48%,1244.85,849,1.12
04/2017,2359.31,3.89,8.46,244.52,2.30%,1266.45,850,0.92
05/2017,2395.35,3.91,8.56,244.73,2.30%,1266.20,851,0.89
06/2017,2433.99,3.94,8.67,244.96,2.19%,1242.25,852,0.70
07/2017,2454.10,3.96,8.75,244.79,2.32%,1267.55,853,0.82
08/2017,2456.22,3.99,8.84,245.52,2.21%,1311.75,854,0.87
09/2017,2492.84,4.01,8.92,246.82,2.20%,1283.10,855,0.76
10/2017,2557.00,4.04,9.00,246.66,2.36%,1270.15,856,0.88
11/2017,2593.61,4.06,9.08,246.67,2.35%,1280.20,857,0.85
12/2017,2664.34,4.08,9.16,246.52,2.40%,1291.00,858,0.89
01/2018,2789.80,4.11,9.31,247.87,2.58%,1345.05,859,0.77
02/2018,2705.16,4.14,9.47,248.99,2.86%,1317.85,860,0.84
03/2018,2702.77,4.17,9.62,249.55,2.84%,1323.85,861,0.91
04/2018,2653.63,4.19,9.82,250.55,2.87%,1313.20,862,0.87
05/2018,2701.49,4.22,10.01,251.59,2.98%,1305.35,863,0.81
06/2018,2754.35,4.25,10.21,251.99,2.91%,1250.45,864,0.75
07/2018,2793.64,4.29,10.43,252.01,2.89%,1220.95,865,0.78
08/2018,2857.82,4.32,10.65,252.15,2.89%,1202.45,866,0.73
09/2018,2901.50,4.36,10.87,252.44,3.00%,1187.25,867,0.76
10/2018,2785.46,4.40,10.92,252.89,3.15%,1214.95,868,0.99
11/2018,2723.23,4.44,10.98,252.04,3.12%,1217.55,869,0.78
12/2018,2567.31,4.48,11.03,251.23,2.83%,1279.00,870,0.89
01/2019,2602.55,4.51,11.09,251.71,2.71%,1323.25,871,0.87
02/2019,2791.50,4.55,11.14,252.78,2.68%,1319.15,872,0.92
